0,1,2,3,4,5,6,7,8,9,10,11,12,13,14,15,16,17,18,19,20,21,22,sentiment
33,117,5,53,214,11,47,8,155,4,19,337,19,1,546,416,2,241,190,6,812,0,0,0
21,48,54,272,0,0,0,0,0,0,0,0,0,0,0,0,0,0,0,0,0,0,0,1
16,11,1,417,0,0,0,0,0,0,0,0,0,0,0,0,0,0,0,0,0,0,0,1
813,8,83,11,418,547,84,50,814,242,815,144,0,0,0,0,0,0,0,0,0,0,0,0
1,338,5,16,0,0,0,0,0,0,0,0,0,0,0,0,0,0,0,0,0,0,0,1
2,22,8,816,1,155,8,70,4,8,273,55,145,8,70,339,146,0,0,0,0,0,0,0
49,23,22,215,817,65,215,818,419,100,819,1,820,12,340,821,12,130,36,190,36,0,0,0
49,23,34,274,822,23,341,22,7,0,0,0,0,0,0,0,0,0,0,0,0,0,0,1
823,8,216,2,548,10,85,0,0,0,0,0,0,0,0,0,0,0,0,0,0,0,0,0
101,6,118,12,85,3,56,0,0,0,0,0,0,0,0,0,0,0,0,0,0,0,0,0
3,1,32,25,5,16,0,0,0,0,0,0,0,0,0,0,0,0,0,0,0,0,0,1
549,17,15,173,71,243,43,1,275,29,8,1,550,29,0,0,0,0,0,0,0,0,0,1
49,1,119,342,824,190,6,825,174,826,2,276,8,551,827,420,3,828,32,43,1,27,0,0
15,21,25,421,0,0,0,0,0,0,0,0,0,0,0,0,0,0,0,0,0,0,0,1
1,156,5,15,829,31,1,39,343,5,13,15,102,64,37,0,0,0,0,0,0,0,0,0
175,60,11,77,36,422,40,6,344,552,9,0,0,0,0,0,0,0,0,0,0,0,0,1
2,553,423,86,13,46,830,0,0,0,0,0,0,0,0,0,0,0,0,0,0,0,0,0
33,131,33,21,0,0,0,0,0,0,0,0,0,0,0,0,0,0,0,0,0,0,0,1
28,16,0,0,0,0,0,0,0,0,0,0,0,0,0,0,0,0,0,0,0,0,0,1
4,831,161,345,19,6,214,20,157,23,832,176,132,20,833,41,191,0,0,0,0,0,0,0
2,217,18,834,554,3,835,37,836,30,107,13,70,4,8,424,147,0,0,0,0,0,0,0
2,103,7,8,38,14,10,837,555,3,346,838,4,0,0,0,0,0,0,0,0,0,0,1
1,839,34,1,218,840,0,0,0,0,0,0,0,0,0,0,0,0,0,0,0,0,0,0
2,22,425,8,556,7,78,29,426,119,347,3,557,244,177,192,277,0,0,0,0,0,0,1
2,103,4,11,10,841,3,348,26,6,133,14,1,29,0,0,0,0,0,0,0,0,0,0
16,427,428,9,842,0,0,0,0,0,0,0,0,0,0,0,0,0,0,0,0,0,0,1
51,558,7,9,11,559,178,104,3,87,216,20,57,1,66,278,9,51,26,0,0,0,0,1
2,219,162,20,1,349,429,342,279,8,47,0,0,0,0,0,0,0,0,0,0,0,0,0
163,843,148,47,193,3,2,26,8,560,67,1,844,3,193,18,1,9,0,0,0,0,0,0
108,280,120,0,0,0,0,0,0,0,0,0,0,0,0,0,0,0,0,0,0,0,0,0
7,5,6,245,194,9,8,38,30,1,845,5,846,0,0,0,0,0,0,0,0,0,0,0
7,24,5,847,11,163,45,47,848,246,34,15,849,0,0,0,0,0,0,0,0,0,0,1
4,5,561,19,6,850,94,64,851,852,0,0,0,0,0,0,0,0,0,0,0,0,0,0
2,22,119,84,179,350,19,7,853,3,2,351,7,9,0,0,0,0,0,0,0,0,0,0
94,83,31,35,31,854,83,34,430,8,149,281,23,195,556,67,12,855,856,857,0,0,0,1
64,562,196,858,8,70,8,44,9,563,43,1,56,23,88,282,18,1,9,29,134,5,859,0
4,40,352,55,15,35,0,0,0,0,0,0,0,0,0,0,0,0,0,0,0,0,0,1
112,193,56,353,0,0,0,0,0,0,0,0,0,0,0,0,0,0,0,0,0,0,0,0
1,48,5,16,3,28,135,14,1,860,0,0,0,0,0,0,0,0,0,0,0,0,0,1
431,24,0,0,0,0,0,0,0,0,0,0,0,0,0,0,0,0,0,0,0,0,0,0
4,40,6,16,136,432,861,3,1,862,34,72,3,150,14,16,248,25,0,0,0,0,0,1
2,17,13,173,190,7,24,0,0,0,0,0,0,0,0,0,0,0,0,0,0,0,0,0
72,27,249,145,0,0,0,0,0,0,0,0,0,0,0,0,0,0,0,0,0,0,0,1
2,68,148,863,11,220,0,0,0,0,0,0,0,0,0,0,0,0,0,0,0,0,0,0
54,95,27,0,0,0,0,0,0,0,0,0,0,0,0,0,0,0,0,0,0,0,0,1
4,40,37,1,433,2,250,0,0,0,0,0,0,0,0,0,0,0,0,0,0,0,0,1
422,19,197,145,864,5,865,89,7,29,0,0,0,0,0,0,0,0,0,0,0,0,0,0
58,866,14,198,564,1,221,137,222,565,1,164,58,119,177,0,0,0,0,0,0,0,0,0
7,48,354,35,121,0,0,0,0,0,0,0,0,0,0,0,0,0,0,0,0,0,0,1
165,14,29,0,0,0,0,0,0,0,0,0,0,0,0,0,0,0,0,0,0,0,0,0
13,223,138,3,108,282,18,45,4,355,0,0,0,0,0,0,0,0,0,0,0,0,0,0
21,434,3,61,13,149,9,75,867,0,0,0,0,0,0,0,0,0,0,0,0,0,0,1
6,868,356,357,566,6,567,161,6,224,869,870,871,435,12,76,6,872,873,0,0,0,0,1
7,9,5,166,283,3,51,195,26,77,568,144,14,4,0,0,0,0,0,0,0,0,0,1
2,79,7,139,0,0,0,0,0,0,0,0,0,0,0,0,0,0,0,0,0,0,0,1
180,96,4,5,135,3,874,11,1,59,2,875,0,0,0,0,0,0,0,0,0,0,0,1
15,165,0,0,0,0,0,0,0,0,0,0,0,0,0,0,0,0,0,0,0,0,0,0
2,97,221,7,9,161,6,876,3,4,17,877,11,878,436,3,4,122,28,16,0,0,0,1
2,22,113,15,114,14,1,437,3,22,26,53,879,43,77,36,564,10,32,25,18,197,251,1
1,199,11,18,3,123,34,124,0,0,0,0,0,0,0,0,0,0,0,0,0,0,0,0
569,23,87,570,880,571,358,0,0,0,0,0,0,0,0,0,0,0,0,0,0,0,0,0
2,62,60,7,881,225,4,167,15,72,882,3,181,0,0,0,0,0,0,0,0,0,0,1
80,252,342,6,16,253,3,2,162,105,34,438,1,66,125,51,121,19,1,191,215,179,439,1
89,6,284,9,30,13,7,0,0,0,0,0,0,0,0,0,0,0,0,0,0,0,0,0
23,22,8,280,1,9,64,6,572,883,11,1,158,573,8,148,23,574,0,0,0,0,0,0
359,5,20,1,199,18,1,440,441,576,20,577,23,885,3,886,887,578,67,58,6,126,436,0
6,285,360,58,2,888,4,4,889,579,0,0,0,0,0,0,0,0,0,0,0,0,0,0
4,286,84,102,50,218,227,98,2,182,580,3,20,228,19,1,214,581,0,0,0,0,0,1
16,11,890,75,0,0,0,0,0,0,0,0,0,0,0,0,0,0,0,0,0,0,0,1
7,140,5,16,19,215,891,183,0,0,0,0,0,0,0,0,0,0,0,0,0,0,0,1
338,108,42,0,0,0,0,0,0,0,0,0,0,0,0,0,0,0,0,0,0,0,0,0
97,19,10,892,196,582,115,5,893,583,2,22,442,894,101,1,158,584,5,585,0,0,0,0
16,443,0,0,0,0,0,0,0,0,0,0,0,0,0,0,0,0,0,0,0,0,0,1
72,586,587,11,444,65,42,0,0,0,0,0,0,0,0,0,0,0,0,0,0,0,0,1
7,5,6,445,9,0,0,0,0,0,0,0,0,0,0,0,0,0,0,0,0,0,0,1
79,7,24,0,0,0,0,0,0,0,0,0,0,0,0,0,0,0,0,0,0,0,0,1
86,13,89,11,588,895,589,11,588,0,0,0,0,0,0,0,0,0,0,0,0,0,0,0
7,5,6,16,194,90,0,0,0,0,0,0,0,0,0,0,0,0,0,0,0,0,0,1
2,79,7,9,4,5,15,590,3,40,6,184,12,433,0,0,0,0,0,0,0,0,0,1
2,361,7,3,254,63,177,4,17,53,446,159,0,0,0,0,0,0,0,0,0,0,0,0
2,182,4,896,3,4,362,55,15,35,0,0,0,0,0,0,0,0,0,0,0,0,0,1
13,6,21,363,0,0,0,0,0,0,0,0,0,0,0,0,0,0,0,0,0,0,0,0
35,447,287,18,56,3,28,31,897,0,0,0,0,0,0,0,0,0,0,0,0,0,0,1
1,29,898,229,288,0,0,0,0,0,0,0,0,0,0,0,0,0,0,0,0,0,0,0
7,90,81,16,30,4,200,58,591,178,12,38,0,0,0,0,0,0,0,0,0,0,0,0
1,227,34,99,8,38,3,423,592,130,0,0,0,0,0,0,0,0,0,0,0,0,0,1
7,9,28,16,0,0,0,0,0,0,0,0,0,0,0,0,0,0,0,0,0,0,0,1
1,448,12,1,227,5,112,0,0,0,0,0,0,0,0,0,0,0,0,0,0,0,0,0
24,17,54,3,28,91,50,1,198,36,3,899,17,4,593,0,0,0,0,0,0,0,0,1
1,9,900,449,0,0,0,0,0,0,0,0,0,0,0,0,0,0,0,0,0,0,0,1
20,594,31,151,31,7,36,61,2,289,4,8,42,131,91,3,14,901,450,50,7,139,61,0
121,15,283,0,0,0,0,0,0,0,0,0,0,0,0,0,0,0,0,0,0,0,0,1
81,16,0,0,0,0,0,0,0,0,0,0,0,0,0,0,0,0,0,0,0,0,0,1
1,39,902,68,595,596,19,36,39,0,0,0,0,0,0,0,0,0,0,0,0,0,0,0
451,118,44,85,0,0,0,0,0,0,0,0,0,0,0,0,0,0,0,0,0,0,0,0
116,364,43,130,147,0,0,0,0,0,0,0,0,0,0,0,0,0,0,0,0,0,0,1
49,23,452,8,38,7,19,6,94,570,96,4,0,0,0,0,0,0,0,0,0,0,0,0
2,201,7,24,8,46,903,75,226,0,0,0,0,0,0,0,0,0,0,0,0,0,0,0
202,63,158,904,3,7,36,40,1,66,25,11,230,47,3,1,905,31,35,31,450,12,152,1
73,15,165,14,10,453,0,0,0,0,0,0,0,0,0,0,0,0,0,0,0,0,0,0
906,907,14,1,153,274,9,0,0,0,0,0,0,0,0,0,0,0,0,0,0,0,0,1
597,598,23,107,908,85,145,229,1,909,0,0,0,0,0,0,0,0,0,0,0,0,0,0
290,6,363,0,0,0,0,0,0,0,0,0,0,0,0,0,0,0,0,0,0,0,0,1
1,59,17,15,21,3,14,1,291,292,3,37,4,17,6,21,125,0,0,0,0,0,0,1
2,255,10,910,78,153,911,3,912,117,17,13,6,454,455,1,9,3,1,83,0,0,0,0
599,21,136,15,72,293,74,40,181,913,45,256,3,600,3,84,0,0,0,0,0,0,0,1
557,6,601,156,602,416,73,13,152,4,914,115,2,52,162,5,1,48,0,0,0,0,0,0
79,10,915,27,10,916,95,27,5,16,1,106,5,15,21,3,1,39,141,5,6,102,154,1
1,136,603,917,64,92,604,183,196,918,919,920,20,456,35,426,921,12,457,6,922,294,605,0
2,923,7,11,1,94,83,3,4,61,13,42,0,0,0,0,0,0,0,0,0,0,0,0
18,230,251,5,54,2,38,27,8,168,10,458,3,606,10,458,8,38,27,8,168,47,63,1
7,9,5,607,3,203,3,1,459,5,445,0,0,0,0,0,0,0,0,0,0,0,0,1
2,162,432,109,608,18,925,3,4,460,3,926,608,145,229,8,109,29,927,609,928,365,48,1
16,24,366,292,0,0,0,0,0,0,0,0,0,0,0,0,0,0,0,0,0,0,0,1
346,16,0,0,0,0,0,0,0,0,0,0,0,0,0,0,0,0,0,0,0,0,0,1
1,356,5,6,72,929,455,6,610,930,3,1,931,127,9,611,612,0,0,0,0,0,0,1
2,142,7,9,257,1,251,12,461,3,73,231,613,14,4,0,0,0,0,0,0,0,0,0
4,5,15,102,18,1,39,0,0,0,0,0,0,0,0,0,0,0,0,0,0,0,0,1
4,40,113,6,932,11,546,0,0,0,0,0,0,0,0,0,0,0,0,0,0,0,0,1
462,169,22,113,933,0,0,0,0,0,0,0,0,0,0,0,0,0,0,0,0,0,0,1
202,215,284,463,11,10,127,9,3,7,204,36,5,1,88,36,51,201,20,160,10,39,367,1
107,13,70,295,138,258,0,0,0,0,0,0,0,0,0,0,0,0,0,0,0,0,0,0
934,15,296,14,10,125,0,0,0,0,0,0,0,0,0,0,0,0,0,0,0,0,0,1
124,25,0,0,0,0,0,0,0,0,0,0,0,0,0,0,0,0,0,0,0,0,0,0
228,1,297,614,0,0,0,0,0,0,0,0,0,0,0,0,0,0,0,0,0,0,0,1
16,220,0,0,0,0,0,0,0,0,0,0,0,0,0,0,0,0,0,0,0,0,0,1
615,1,69,17,15,124,0,0,0,0,0,0,0,0,0,0,0,0,0,0,0,0,0,0
4,110,13,42,19,10,127,9,155,2,82,15,55,368,14,1,83,0,0,0,0,0,0,0
51,68,26,10,95,11,6,126,298,30,2,62,45,4,0,0,0,0,0,0,0,0,0,1
1,464,27,17,457,6,935,0,0,0,0,0,0,0,0,0,0,0,0,0,0,0,0,0
4,5,33,205,3,23,52,97,936,20,4,5,117,58,6,128,12,465,111,8,4,0,0,1
1,937,232,5,466,938,0,0,0,0,0,0,0,0,0,0,0,0,0,0,0,0,0,1
27,28,16,17,447,939,8,467,77,940,0,0,0,0,0,0,0,0,0,0,0,0,0,1
2,941,60,0,0,0,0,0,0,0,0,0,0,0,0,0,0,0,0,0,0,0,0,1
597,46,15,616,0,0,0,0,0,0,0,0,0,0,0,0,0,0,0,0,0,0,0,0
1,942,12,1,617,468,227,469,0,0,0,0,0,0,0,0,0,0,0,0,0,0,0,0
15,21,618,11,1,59,0,0,0,0,0,0,0,0,0,0,0,0,0,0,0,0,0,1
10,27,28,76,943,944,0,0,0,0,0,0,0,0,0,0,0,0,0,0,0,0,0,1
19,10,619,2,17,465,221,470,945,3,53,470,19,10,946,0,0,0,0,0,0,0,0,0
206,620,5,621,0,0,0,0,0,0,0,0,0,0,0,0,0,0,0,0,0,0,0,1
101,6,118,0,0,0,0,0,0,0,0,0,0,0,0,0,0,0,0,0,0,0,0,0
622,215,284,63,947,137,2,623,174,471,3,4,17,19,92,472,20,26,174,347,0,0,0,0
2,17,13,114,14,7,90,0,0,0,0,0,0,0,0,0,0,0,0,0,0,0,0,0
15,165,0,0,0,0,0,0,0,0,0,0,0,0,0,0,0,0,0,0,0,0,0,0
1,9,624,473,8,120,45,63,8,174,299,625,0,0,0,0,0,0,0,0,0,0,0,0
2,142,7,9,18,948,43,6,949,3,73,369,2,110,0,0,0,0,0,0,0,0,0,1
101,6,118,12,56,0,0,0,0,0,0,0,0,0,0,0,0,0,0,0,0,0,0,0
109,106,5,15,15,112,0,0,0,0,0,0,0,0,0,0,0,0,0,0,0,0,0,0
950,626,31,430,43,1,474,34,13,430,0,0,0,0,0,0,0,0,0,0,0,0,0,0
58,196,178,170,76,217,256,37,12,6,951,0,0,0,0,0,0,0,0,0,0,0,0,0
2,17,627,11,84,0,0,0,0,0,0,0,0,0,0,0,0,0,0,0,0,0,0,0
220,25,5,112,15,112,0,0,0,0,0,0,0,0,0,0,0,0,0,0,0,0,0,0
2,26,346,53,133,14,7,27,952,8,10,953,628,954,0,0,0,0,0,0,0,0,0,1
2,300,20,629,955,30,8,47,4,956,45,957,630,20,631,42,35,35,7,36,28,16,0,1
51,103,174,632,252,20,32,91,50,80,0,0,0,0,0,0,0,0,0,0,0,0,0,0
7,9,5,15,366,14,340,77,301,12,958,3,959,960,5,961,962,50,633,164,2,22,111,1
72,25,963,964,233,185,965,67,117,0,0,0,0,0,0,0,0,0,0,0,0,0,0,1
7,90,5,475,3,28,259,0,0,0,0,0,0,0,0,0,0,0,0,0,0,0,0,1
3,2,76,79,1,966,0,0,0,0,0,0,0,0,0,0,0,0,0,0,0,0,0,1
634,5,76,635,0,0,0,0,0,0,0,0,0,0,0,0,0,0,0,0,0,0,0,1
2,87,86,5,967,18,1,234,33,337,4,370,1,84,2,38,1,139,1,260,2,45,4,0
16,83,0,0,0,0,0,0,0,0,0,0,0,0,0,0,0,0,0,0,0,0,0,1
7,5,569,6,968,371,20,61,13,969,0,0,0,0,0,0,0,0,0,0,0,0,0,0
28,45,6,302,4,42,1,143,31,1,36,2,142,14,1,9,0,0,0,0,0,0,0,1
2,122,636,20,970,971,149,252,222,76,372,52,972,138,973,8,974,1,156,171,8,975,0,0
16,272,0,0,0,0,0,0,0,0,0,0,0,0,0,0,0,0,0,0,0,0,0,1
108,42,64,37,2,976,4,11,10,977,3,109,13,159,0,0,0,0,0,0,0,0,0,0
1,207,12,4,5,15,476,3,1,170,5,72,3,150,14,16,637,0,0,0,0,0,0,1
108,191,132,0,0,0,0,0,0,0,0,0,0,0,0,0,0,0,0,0,0,0,0,0
36,139,2,351,5,1,978,368,638,64,1,373,0,0,0,0,0,0,0,0,0,0,0,0
54,69,0,0,0,0,0,0,0,0,0,0,0,0,0,0,0,0,0,0,0,0,0,1
639,23,11,979,10,85,0,0,0,0,0,0,0,0,0,0,0,0,0,0,0,0,0,0
176,87,20,46,1,220,25,5,112,0,0,0,0,0,0,0,0,0,0,0,0,0,0,0
1,640,477,3,641,34,62,16,0,0,0,0,0,0,0,0,0,0,0,0,0,0,0,1
1,980,981,982,37,1,983,20,36,984,478,5,16,0,0,0,0,0,0,0,0,0,0,1
635,9,18,6,16,479,0,0,0,0,0,0,0,0,0,0,0,0,0,0,0,0,0,1
643,95,153,985,8,10,9,3,4,81,45,6,302,986,1,9,17,19,10,427,65,1,48,1
987,988,18,4,989,990,3,4,104,991,8,480,8,6,992,3,578,55,262,481,19,6,128,0
4,68,993,1,9,31,109,644,140,0,0,0,0,0,0,0,0,0,0,0,0,0,0,0
49,23,45,6,223,645,8,646,37,44,418,100,7,9,5,11,23,0,0,0,0,0,0,0
52,89,7,24,0,0,0,0,0,0,0,0,0,0,0,0,0,0,0,0,0,0,0,0
51,26,7,994,27,11,233,56,104,3,122,13,102,14,1,214,4,160,18,1,39,0,0,0
1,32,25,5,21,3,647,5,303,0,0,0,0,0,0,0,0,0,0,0,0,0,0,1
2,22,7,9,3,4,5,6,995,19,10,373,2,62,996,4,0,0,0,0,0,0,0,0
2,997,26,144,304,2,107,13,263,642,11,84,50,374,242,264,208,998,0,0,0,0,0,0
648,0,0,0,0,0,0,0,0,0,0,0,0,0,0,0,0,0,0,0,0,0,0,1
156,602,0,0,0,0,0,0,0,0,0,0,0,0,0,0,0,0,0,0,0,0,0,0
16,9,0,0,0,0,0,0,0,0,0,0,0,0,0,0,0,0,0,0,0,0,0,1
118,12,999,1000,0,0,0,0,0,0,0,0,0,0,0,0,0,0,0,0,0,0,0,0
71,2,1001,206,1002,64,1003,1,612,1004,566,123,6,126,436,161,1,88,1005,3,100,73,482,0
1,483,579,19,6,126,298,0,0,0,0,0,0,0,0,0,0,0,0,0,0,0,0,0
77,649,1006,305,21,9,8,89,0,0,0,0,0,0,0,0,0,0,0,0,0,0,0,1
1007,105,22,113,484,72,3,279,18,1,9,0,0,0,0,0,0,0,0,0,0,0,0,1
2,22,26,144,1008,1009,650,258,3,84,0,0,0,0,0,0,0,0,0,0,0,0,0,0
13,173,0,0,0,0,0,0,0,0,0,0,0,0,0,0,0,0,0,0,0,0,0,0
203,1010,2,1011,551,4,5,117,0,0,0,0,0,0,0,0,0,0,0,0,0,0,0,1
1012,79,176,651,4,5,0,0,0,0,0,0,0,0,0,0,0,0,0,0,0,0,0,1
124,443,0,0,0,0,0,0,0,0,0,0,0,0,0,0,0,0,0,0,0,0,0,0
1,1013,48,108,154,0,0,0,0,0,0,0,0,0,0,0,0,0,0,0,0,0,0,0
235,9,485,1014,0,0,0,0,0,0,0,0,0,0,0,0,0,0,0,0,0,0,0,0
1,306,5,97,1015,50,2,486,4,41,46,3,1,637,34,1016,476,0,0,0,0,0,0,1
37,19,37,2,162,4,17,6,21,1017,0,0,0,0,0,0,0,0,0,0,0,0,0,1
4,157,15,1018,1019,1020,264,4,1021,1,168,0,0,0,0,0,0,0,0,0,0,0,0,0
1,66,1022,12,1,1023,1024,1025,0,0,0,0,0,0,0,0,0,0,0,0,0,0,0,1
29,375,68,6,126,299,0,0,0,0,0,0,0,0,0,0,0,0,0,0,0,0,0,0
16,27,15,173,1026,0,0,0,0,0,0,0,0,0,0,0,0,0,0,0,0,0,0,1
1,183,63,1027,1028,136,208,6,307,12,6,9,5,487,1029,0,0,0,0,0,0,0,0,1
51,26,7,11,652,63,179,3,4,40,81,16,11,47,0,0,0,0,0,0,0,0,0,1
21,1030,220,0,0,0,0,0,0,0,0,0,0,0,0,0,0,0,0,0,0,0,0,1
222,34,340,4,209,0,0,0,0,0,0,0,0,0,0,0,0,0,0,0,0,0,0,0
653,1031,1,236,11,126,1032,24,30,2,1033,1,1034,20,2,355,13,22,103,7,488,1035,1036,0
49,23,351,1037,467,7,9,190,37,1038,0,0,0,0,0,0,0,0,0,0,0,0,0,0
16,59,74,0,0,0,0,0,0,0,0,0,0,0,0,0,0,0,0,0,0,0,0,1
15,339,51,113,376,8,1039,257,10,619,14,1,9,19,1,1040,654,14,53,106,32,25,655,1
366,69,0,0,0,0,0,0,0,0,0,0,0,0,0,0,0,0,0,0,0,0,0,1
2,41,175,60,7,0,0,0,0,0,0,0,0,0,0,0,0,0,0,0,0,0,0,1
2,41,60,7,0,0,0,0,0,0,0,0,0,0,0,0,0,0,0,0,0,0,0,1
2,74,219,45,1,18,638,4,656,45,4,41,1041,14,38,0,0,0,0,0,0,0,0,0
129,9,93,0,0,0,0,0,0,0,0,0,0,0,0,0,0,0,0,0,0,0,0,0
73,122,1042,14,7,9,0,0,0,0,0,0,0,0,0,0,0,0,0,0,0,0,0,1
1043,1044,0,0,0,0,0,0,0,0,0,0,0,0,0,0,0,0,0,0,0,0,0,0
57,301,12,657,8,38,98,12,176,4,167,3,1045,57,657,176,1046,45,1,236,5,0,0,0
245,377,3,16,154,0,0,0,0,0,0,0,0,0,0,0,0,0,0,0,0,0,0,1
37,19,37,309,378,6,91,658,489,43,153,0,0,0,0,0,0,0,0,0,0,0,0,0
490,6,210,1047,32,19,1,659,18,37,10,137,20,2,22,195,623,264,0,0,0,0,0,0
80,34,660,15,102,3,647,5,339,0,0,0,0,0,0,0,0,0,0,0,0,0,0,1
2,661,52,45,1048,30,7,36,5,15,377,108,662,55,10,1049,0,0,0,0,0,0,0,1
73,6,663,165,0,0,0,0,0,0,0,0,0,0,0,0,0,0,0,0,0,0,0,0
2,22,26,7,9,11,171,6,211,104,3,2,116,664,23,109,13,20,16,0,0,0,0,0
2,491,7,11,492,1050,634,30,2,162,4,68,81,481,432,71,2,88,111,4,0,0,0,0
1,29,5,231,235,8,47,0,0,0,0,0,0,0,0,0,0,0,0,0,0,0,0,0
101,6,226,118,12,56,0,0,0,0,0,0,0,0,0,0,0,0,0,0,0,0,0,0
52,118,44,18,7,36,0,0,0,0,0,0,0,0,0,0,0,0,0,0,0,0,0,0
16,32,3,69,0,0,0,0,0,0,0,0,0,0,0,0,0,0,0,0,0,0,0,1
62,296,14,7,24,33,131,0,0,0,0,0,0,0,0,0,0,0,0,0,0,0,0,1
36,12,10,1051,1052,93,0,0,0,0,0,0,0,0,0,0,0,0,0,0,0,0,0,1
66,95,18,1,493,0,0,0,0,0,0,0,0,0,0,0,0,0,0,0,0,0,0,1
1053,365,14,72,1054,3,494,2,60,23,7,48,0,0,0,0,0,0,0,0,0,0,0,1
2,17,15,665,8,70,7,27,98,2,486,4,17,62,1055,0,0,0,0,0,0,0,0,1
86,13,149,1,143,379,31,47,0,0,0,0,0,0,0,0,0,0,0,0,0,0,0,0
226,310,14,1056,1057,0,0,0,0,0,0,0,0,0,0,0,0,0,0,0,0,0,0,0
1,9,17,561,3,17,13,78,0,0,0,0,0,0,0,0,0,0,0,0,0,0,0,0
129,186,69,93,0,0,0,0,0,0,0,0,0,0,0,0,0,0,0,0,0,0,0,0
53,666,39,667,429,3,53,349,668,0,0,0,0,0,0,0,0,0,0,0,0,0,0,0
4,1058,1,669,12,6,95,27,0,0,0,0,0,0,0,0,0,0,0,0,0,0,0,0
380,262,1059,0,0,0,0,0,0,0,0,0,0,0,0,0,0,0,0,0,0,0,0,1
54,1060,1061,9,48,0,0,0,0,0,0,0,0,0,0,0,0,0,0,0,0,0,0,1
72,252,11,1,59,3,105,42,16,0,0,0,0,0,0,0,0,0,0,0,0,0,0,1
234,5,1062,480,0,0,0,0,0,0,0,0,0,0,0,0,0,0,0,0,0,0,0,0
4,5,15,102,8,182,31,35,115,5,495,1,218,311,1063,96,152,6,48,0,0,0,0,1
57,160,45,6,1064,3,5,295,670,3,1065,0,0,0,0,0,0,0,0,0,0,0,0,1
1066,10,1067,1,66,9,2,22,93,26,0,0,0,0,0,0,0,0,0,0,0,0,0,1
57,15,1068,3,671,8,46,12,21,25,0,0,0,0,0,0,0,0,0,0,0,0,0,1
2,79,37,1,433,3,488,1069,0,0,0,0,0,0,0,0,0,0,0,0,0,0,0,1
7,24,26,6,295,1070,1071,672,20,17,1072,58,6,128,3,673,47,8,312,4,0,0,0,0
112,25,3,69,0,0,0,0,0,0,0,0,0,0,0,0,0,0,0,0,0,0,0,0
1,265,167,33,651,3,674,4,5,1073,0,0,0,0,0,0,0,0,0,0,0,0,0,0
16,381,0,0,0,0,0,0,0,0,0,0,0,0,0,0,0,0,0,0,0,0,0,1
54,266,291,371,0,0,0,0,0,0,0,0,0,0,0,0,0,0,0,0,0,0,0,1
16,11,152,14,44,444,1074,0,0,0,0,0,0,0,0,0,0,0,0,0,0,0,0,1
21,24,648,272,0,0,0,0,0,0,0,0,0,0,0,0,0,0,0,0,0,0,0,1
68,26,7,6,675,30,57,81,676,33,131,0,0,0,0,0,0,0,0,0,0,0,0,1
28,16,0,0,0,0,0,0,0,0,0,0,0,0,0,0,0,0,0,0,0,0,0,1
1075,212,0,0,0,0,0,0,0,0,0,0,0,0,0,0,0,0,0,0,0,0,0,0
20,36,219,42,382,0,0,0,0,0,0,0,0,0,0,0,0,0,0,0,0,0,0,0
29,134,5,224,21,0,0,0,0,0,0,0,0,0,0,0,0,0,0,0,0,0,0,1
565,1076,299,360,0,0,0,0,0,0,0,0,0,0,0,0,0,0,0,0,0,0,0,0
57,6,16,90,0,0,0,0,0,0,0,0,0,0,0,0,0,0,0,0,0,0,0,1
52,118,44,85,0,0,0,0,0,0,0,0,0,0,0,0,0,0,0,0,0,0,0,0
79,7,27,0,0,0,0,0,0,0,0,0,0,0,0,0,0,0,0,0,0,0,0,1
13,68,116,4,496,44,359,30,461,74,1077,1078,4,0,0,0,0,0,0,0,0,0,0,0
81,259,0,0,0,0,0,0,0,0,0,0,0,0,0,0,0,0,0,0,0,0,0,1
383,73,1079,55,0,0,0,0,0,0,0,0,0,0,0,0,0,0,0,0,0,0,0,0
2,1080,4,174,677,98,12,1,32,25,0,0,0,0,0,0,0,0,0,0,0,0,0,1
467,7,36,49,23,87,0,0,0,0,0,0,0,0,0,0,0,0,0,0,0,0,0,0
1081,155,28,16,0,0,0,0,0,0,0,0,0,0,0,0,0,0,0,0,0,0,0,1
2,548,10,194,85,14,7,381,0,0,0,0,0,0,0,0,0,0,0,0,0,0,0,0
15,21,9,0,0,0,0,0,0,0,0,0,0,0,0,0,0,0,0,0,0,0,0,1
66,12,37,5,1,1082,313,15,279,0,0,0,0,0,0,0,0,0,0,0,0,0,0,1
494,11,1083,678,384,0,0,0,0,0,0,0,0,0,0,0,0,0,0,0,0,0,0,1
21,24,21,385,0,0,0,0,0,0,0,0,0,0,0,0,0,0,0,0,0,0,0,1
2,79,7,95,0,0,0,0,0,0,0,0,0,0,0,0,0,0,0,0,0,0,0,1
88,12,37,4,108,182,35,0,0,0,0,0,0,0,0,0,0,0,0,0,0,0,0,0
2,82,15,173,14,7,27,43,386,0,0,0,0,0,0,0,0,0,0,0,0,0,0,1
2,142,4,98,4,17,33,205,3,679,0,0,0,0,0,0,0,0,0,0,0,0,0,1
16,9,0,0,0,0,0,0,0,0,0,0,0,0,0,0,0,0,0,0,0,0,0,1
2,631,60,387,7,24,0,0,0,0,0,0,0,0,0,0,0,0,0,0,0,0,0,0
141,12,212,0,0,0,0,0,0,0,0,0,0,0,0,0,0,0,0,0,0,0,0,0
497,1084,1085,0,0,0,0,0,0,0,0,0,0,0,0,0,0,0,0,0,0,0,0,0
7,90,5,16,1086,4,577,4,498,55,1087,3,4,40,113,159,21,262,225,14,53,144,0,1
16,9,0,0,0,0,0,0,0,0,0,0,0,0,0,0,0,0,0,0,0,0,0,1
52,89,4,0,0,0,0,0,0,0,0,0,0,0,0,0,0,0,0,0,0,0,0,0
54,9,0,0,0,0,0,0,0,0,0,0,0,0,0,0,0,0,0,0,0,0,0,1
86,13,125,7,9,0,0,0,0,0,0,0,0,0,0,0,0,0,0,0,0,0,0,0
1,206,620,1088,1,1089,5,54,0,0,0,0,0,0,0,0,0,0,0,0,0,0,0,1
7,5,266,229,1,66,9,51,93,26,0,0,0,0,0,0,0,0,0,0,0,0,0,1
28,16,71,10,1090,1091,1,9,549,499,1,1092,1093,435,12,1094,1,170,0,0,0,0,0,1
7,36,28,3,17,249,145,0,0,0,0,0,0,0,0,0,0,0,0,0,0,0,0,1
186,69,17,172,0,0,0,0,0,0,0,0,0,0,0,0,0,0,0,0,0,0,0,0
29,134,122,13,132,138,19,153,1095,1096,0,0,0,0,0,0,0,0,0,0,0,0,0,0
340,4,209,0,0,0,0,0,0,0,0,0,0,0,0,0,0,0,0,0,0,0,0,0
104,2,300,20,2,121,6,680,453,0,0,0,0,0,0,0,0,0,0,0,0,0,0,1
1097,1098,1099,7,1100,0,0,0,0,0,0,0,0,0,0,0,0,0,0,0,0,0,0,1
21,59,0,0,0,0,0,0,0,0,0,0,0,0,0,0,0,0,0,0,0,0,0,1
180,81,18,1,88,388,1,140,17,660,1101,19,6,1102,214,3,1,448,286,21,0,0,0,1
2,255,4,288,3,4,28,16,0,0,0,0,0,0,0,0,0,0,0,0,0,0,0,1
40,113,159,16,0,0,0,0,0,0,0,0,0,0,0,0,0,0,0,0,0,0,0,1
31,314,163,1103,2,201,7,1104,500,17,15,389,0,0,0,0,0,0,0,0,0,0,0,0
10,174,211,315,237,1105,43,1106,362,1,120,6,184,91,50,7,0,0,0,0,0,0,0,0
105,86,13,501,96,1,658,36,663,0,0,0,0,0,0,0,0,0,0,0,0,0,0,0
7,5,6,21,29,3,4,142,337,62,366,0,0,0,0,0,0,0,0,0,0,0,0,1
1,1107,1108,5,502,0,0,0,0,0,0,0,0,0,0,0,0,0,0,0,0,0,0,0
74,109,607,138,8,154,161,10,1109,1110,586,587,192,1111,1,48,0,0,0,0,0,0,0,1
9,104,362,120,45,4,110,71,4,17,78,0,0,0,0,0,0,0,0,0,0,0,0,1
1,29,5,383,31,35,31,1,69,38,1112,0,0,0,0,0,0,0,0,0,0,0,0,0
3,1,32,25,5,238,112,1113,14,1,9,274,65,14,10,633,632,27,20,504,161,92,390,0
222,22,681,6,184,12,1114,18,4,0,0,0,0,0,0,0,0,0,0,0,0,0,0,1
7,5,290,6,341,22,49,44,1115,61,13,1116,127,9,1117,128,682,0,0,0,0,0,0,1
2,250,10,85,209,0,0,0,0,0,0,0,0,0,0,0,0,0,0,0,0,0,0,0
2,79,7,140,0,0,0,0,0,0,0,0,0,0,0,0,0,0,0,0,0,0,0,1
2,82,74,15,114,14,1,59,0,0,0,0,0,0,0,0,0,0,0,0,0,0,0,1
2,491,7,24,88,3,17,613,14,4,1118,0,0,0,0,0,0,0,0,0,0,0,0,0
1,1119,5,122,502,19,1120,0,0,0,0,0,0,0,0,0,0,0,0,0,0,0,0,0
2,17,376,8,86,206,683,19,1,94,14,53,133,0,0,0,0,0,0,0,0,0,0,1
2,22,63,196,347,18,10,127,9,71,2,82,444,30,23,684,13,148,316,0,0,0,0,0
21,90,187,59,0,0,0,0,0,0,0,0,0,0,0,0,0,0,0,0,0,0,0,1
188,1,1121,34,13,1,66,3,685,34,1,686,0,0,0,0,0,0,0,0,0,0,0,0
1,155,110,13,42,15,35,0,0,0,0,0,0,0,0,0,0,0,0,0,0,0,0,0
189,391,0,0,0,0,0,0,0,0,0,0,0,0,0,0,0,0,0,0,0,0,0,0
1122,123,171,120,292,0,0,0,0,0,0,0,0,0,0,0,0,0,0,0,0,0,0,0
15,102,0,0,0,0,0,0,0,0,0,0,0,0,0,0,0,0,0,0,0,0,0,1
1,29,5,159,35,31,6,483,11,1,275,20,267,14,1,9,171,63,179,392,0,0,0,1
1,106,5,54,0,0,0,0,0,0,0,0,0,0,0,0,0,0,0,0,0,0,0,1
4,160,367,19,382,39,1,32,5,150,3,223,3,1,120,375,6,317,12,177,0,0,0,1
25,32,3,23,52,22,8,662,14,1,32,18,44,687,225,23,22,1,32,199,18,1,27,1
183,132,547,29,23,52,22,8,688,4,31,1123,31,233,12,1,505,164,63,0,0,0,0,0
372,117,5,6,133,14,1,1124,0,0,0,0,0,0,0,0,0,0,0,0,0,0,0,0
15,318,0,0,0,0,0,0,0,0,0,0,0,0,0,0,0,0,0,0,0,0,0,0
4,17,92,1125,141,30,2,41,122,22,378,91,25,0,0,0,0,0,0,0,0,0,0,0
4,5,1126,235,3,110,13,1127,77,301,12,1128,8,10,106,58,2,103,4,0,0,0,0,0
54,32,25,0,0,0,0,0,0,0,0,0,0,0,0,0,0,0,0,0,0,0,0,1
17,13,114,0,0,0,0,0,0,0,0,0,0,0,0,0,0,0,0,0,0,0,0,0
6,141,12,212,20,200,58,208,18,10,9,11,63,177,0,0,0,0,0,0,0,0,0,0
78,29,28,16,19,9,0,0,0,0,0,0,0,0,0,0,0,0,0,0,0,0,0,1
129,186,69,0,0,0,0,0,0,0,0,0,0,0,0,0,0,0,0,0,0,0,0,0
51,221,10,9,84,393,50,2,87,216,97,18,1129,3,10,9,5,122,16,1130,18,1131,0,1
106,5,172,3,610,12,420,0,0,0,0,0,0,0,0,0,0,0,0,0,0,0,0,0
21,220,25,0,0,0,0,0,0,0,0,0,0,0,0,0,0,0,0,0,0,0,0,1
7,194,140,40,1132,10,1133,1134,3,121,10,134,6,678,184,394,0,0,0,0,0,0,0,1
2,17,1135,19,10,1136,14,1,1137,18,10,319,3,1,27,482,258,0,0,0,0,0,0,0
342,1138,18,1,9,0,0,0,0,0,0,0,0,0,0,0,0,0,0,0,0,0,0,0
28,45,6,302,28,31,589,0,0,0,0,0,0,0,0,0,0,0,0,0,0,0,0,1
102,72,308,21,29,134,0,0,0,0,0,0,0,0,0,0,0,0,0,0,0,0,0,1
197,479,470,19,1139,1140,5,210,0,0,0,0,0,0,0,0,0,0,0,0,0,0,0,0
54,1141,506,27,0,0,0,0,0,0,0,0,0,0,0,0,0,0,0,0,0,0,0,0
1,1142,1143,5,16,1,1144,14,1,1145,5,15,1146,0,0,0,0,0,0,0,0,0,0,0
1,68,139,20,2,162,107,1147,5,1,32,1148,67,43,1,27,0,0,0,0,0,0,0,0
88,123,1,106,391,2,22,195,26,84,50,63,347,93,0,0,0,0,0,0,0,0,0,0
1,9,228,484,1149,0,0,0,0,0,0,0,0,0,0,0,0,0,0,0,0,0,0,0
1,500,74,28,35,30,1150,8,163,2,22,1151,4,1152,180,0,0,0,0,0,0,0,0,1
72,156,3,25,0,0,0,0,0,0,0,0,0,0,0,0,0,0,0,0,0,0,0,1
74,49,44,9,5,221,7,48,5,13,243,8,689,4,1153,71,221,395,229,0,0,0,0,0
4,5,203,99,8,38,3,40,15,150,106,3,1154,0,0,0,0,0,0,0,0,0,0,1
124,154,214,75,226,0,0,0,0,0,0,0,0,0,0,0,0,0,0,0,0,0,0,0
4,290,17,13,31,21,31,10,1155,0,0,0,0,0,0,0,0,0,0,0,0,0,0,1
303,140,0,0,0,0,0,0,0,0,0,0,0,0,0,0,0,0,0,0,0,0,0,1
118,12,85,0,0,0,0,0,0,0,0,0,0,0,0,0,0,0,0,0,0,0,0,0
2,26,491,6,153,320,265,142,6,15,35,1156,3,159,24,0,0,0,0,0,0,0,0,1
79,7,9,0,0,0,0,0,0,0,0,0,0,0,0,0,0,0,0,0,0,0,0,1
2,17,239,11,7,27,11,6,132,56,3,104,20,51,142,4,2,169,46,507,0,0,0,1
690,46,1157,691,3,10,27,692,693,11,53,694,0,0,0,0,0,0,0,0,0,0,0,0
459,5,54,3,136,5,31,21,31,77,43,20,211,0,0,0,0,0,0,0,0,0,0,1
29,134,5,74,16,0,0,0,0,0,0,0,0,0,0,0,0,0,0,0,0,0,0,1
1,129,9,51,93,26,68,26,4,11,6,126,178,0,0,0,0,0,0,0,0,0,0,0
13,6,21,90,4,81,11,6,128,100,276,321,144,19,10,695,1158,1159,359,0,0,0,0,0
7,5,33,1160,3,74,10,246,1161,49,2,388,8,696,1,39,155,161,10,39,0,0,0,0
1162,1,9,18,37,697,0,0,0,0,0,0,0,0,0,0,0,0,0,0,0,0,0,1
7,5,6,15,1163,9,14,124,29,134,20,1164,18,6,389,479,0,0,0,0,0,0,0,0
150,698,137,132,29,134,132,308,0,0,0,0,0,0,0,0,0,0,0,0,0,0,0,1
1165,630,391,0,0,0,0,0,0,0,0,0,0,0,0,0,0,0,0,0,0,0,0,0
16,266,291,140,0,0,0,0,0,0,0,0,0,0,0,0,0,0,0,0,0,0,0,1
23,87,97,240,1166,1167,14,1,1168,1169,459,15,181,0,0,0,0,0,0,0,0,0,0,1
143,133,31,396,22,1170,0,0,0,0,0,0,0,0,0,0,0,0,0,0,0,0,0,0
58,508,314,314,478,1171,7,5,1,36,20,509,28,35,0,0,0,0,0,0,0,0,0,1
1172,1173,0,0,0,0,0,0,0,0,0,0,0,0,0,0,0,0,0,0,0,0,0,1
1,129,141,12,268,93,691,14,1,198,186,69,0,0,0,0,0,0,0,0,0,0,0,0
112,32,25,0,0,0,0,0,0,0,0,0,0,0,0,0,0,0,0,0,0,0,0,0
1,66,9,19,493,0,0,0,0,0,0,0,0,0,0,0,0,0,0,0,0,0,0,1
4,81,15,35,0,0,0,0,0,0,0,0,0,0,0,0,0,0,0,0,0,0,0,1
1,236,699,10,24,15,1174,3,4,28,35,0,0,0,0,0,0,0,0,0,0,0,0,1
700,101,2,397,0,0,0,0,0,0,0,0,0,0,0,0,0,0,0,0,0,0,0,1
1,248,605,5,131,426,101,158,1175,249,164,34,1176,1177,0,0,0,0,0,0,0,0,0,0
7,5,6,16,398,0,0,0,0,0,0,0,0,0,0,0,0,0,0,0,0,0,0,1
54,24,2,82,15,399,14,1,125,0,0,0,0,0,0,0,0,0,0,0,0,0,0,1
2,175,60,80,3,1178,163,8,510,130,6,388,0,0,0,0,0,0,0,0,0,0,0,1
91,50,1179,289,0,0,0,0,0,0,0,0,0,0,0,0,0,0,0,0,0,0,0,1
152,37,463,350,65,145,7,139,116,13,263,18,10,39,0,0,0,0,0,0,0,0,0,0
16,24,3,59,0,0,0,0,0,0,0,0,0,0,0,0,0,0,0,0,0,0,0,1
629,21,487,249,3,1180,109,20,245,0,0,0,0,0,0,0,0,0,0,0,0,0,0,1
122,701,73,281,7,90,41,42,35,49,2,93,1181,4,0,0,0,0,0,0,0,0,0,0
101,6,310,0,0,0,0,0,0,0,0,0,0,0,0,0,0,0,0,0,0,0,0,0
15,1182,69,0,0,0,0,0,0,0,0,0,0,0,0,0,0,0,0,0,0,0,0,1
54,24,11,1,59,0,0,0,0,0,0,0,0,0,0,0,0,0,0,0,0,0,0,1
15,296,14,7,27,0,0,0,0,0,0,0,0,0,0,0,0,0,0,0,0,0,0,1
52,118,44,85,3,56,0,0,0,0,0,0,0,0,0,0,0,0,0,0,0,0,0,0
2,322,79,1,132,29,134,0,0,0,0,0,0,0,0,0,0,0,0,0,0,0,0,1
33,702,8,22,8,323,387,78,477,94,477,1183,252,3,94,1184,262,56,6,78,9,400,67,0
28,16,0,0,0,0,0,0,0,0,0,0,0,0,0,0,0,0,0,0,0,0,0,1
386,95,1185,89,0,0,0,0,0,0,0,0,0,0,0,0,0,0,0,0,0,0,0,1
2,267,171,43,198,98,1186,40,1187,127,164,1,88,139,2,703,17,1,62,124,69,0,0,0
690,46,239,11,6,78,381,0,0,0,0,0,0,0,0,0,0,0,0,0,0,0,0,0
2,175,60,7,140,8,423,0,0,0,0,0,0,0,0,0,0,0,0,0,0,0,0,1
417,1188,5,303,75,0,0,0,0,0,0,0,0,0,0,0,0,0,0,0,0,0,0,1
6,600,1189,29,20,370,511,58,6,317,1190,275,111,8,191,6,285,30,122,375,446,50,1191,0
58,6,211,1,29,217,231,511,18,10,27,0,0,0,0,0,0,0,0,0,0,0,0,0
2,22,111,215,9,19,119,179,30,7,36,5,1,66,0,0,0,0,0,0,0,0,0,1
92,303,78,207,11,456,1192,0,0,0,0,0,0,0,0,0,0,0,0,0,0,0,0,1
7,5,1,88,9,51,26,20,40,113,33,1193,121,0,0,0,0,0,0,0,0,0,0,0
704,5,13,150,32,5,15,1194,3,23,22,8,1195,71,23,193,0,0,0,0,0,0,0,0
1,324,705,62,99,18,7,343,0,0,0,0,0,0,0,0,0,0,0,0,0,0,0,0
59,5,21,75,0,0,0,0,0,0,0,0,0,0,0,0,0,0,0,0,0,0,0,1
52,149,1,143,379,2,110,0,0,0,0,0,0,0,0,0,0,0,0,0,0,0,0,0
512,3,2,1196,8,74,1197,1,1198,306,706,4,40,18,44,9,0,0,0,0,0,0,0,0
73,152,4,14,92,1199,1200,14,48,3,4,160,135,0,0,0,0,0,0,0,0,0,0,1
74,1,472,304,10,213,200,73,13,75,1201,12,1,1202,1203,0,0,0,0,0,0,0,0,0
305,2,82,1204,8,22,6,9,115,40,37,10,1205,3,419,19,3,228,16,106,0,0,0,1
262,139,18,9,42,259,348,45,4,0,0,0,0,0,0,0,0,0,0,0,0,0,0,1
325,1206,96,7,440,1207,5,20,4,62,167,401,1208,322,19,1,37,256,707,0,0,0,0,0
57,62,99,0,0,0,0,0,0,0,0,0,0,0,0,0,0,0,0,0,0,0,0,1
10,1209,40,1210,1211,12,471,18,1212,192,1213,706,0,0,0,0,0,0,0,0,0,0,0,1
475,1214,0,0,0,0,0,0,0,0,0,0,0,0,0,0,0,0,0,0,0,0,0,1
4,1215,10,127,9,145,402,71,2,1216,1,94,0,0,0,0,0,0,0,0,0,0,0,1
187,25,0,0,0,0,0,0,0,0,0,0,0,0,0,0,0,0,0,0,0,0,0,0
2,175,60,7,1217,249,1218,9,0,0,0,0,0,0,0,0,0,0,0,0,0,0,0,1
30,4,61,70,91,106,3,326,50,77,9,51,26,264,0,0,0,0,0,0,0,0,0,1
708,263,402,0,0,0,0,0,0,0,0,0,0,0,0,0,0,0,0,0,0,0,0,0
2,1219,2,107,312,1,213,3,70,209,10,85,0,0,0,0,0,0,0,0,0,0,0,0
1220,140,28,16,0,0,0,0,0,0,0,0,0,0,0,0,0,0,0,0,0,0,0,1
2,111,8,193,18,4,11,183,183,183,63,299,3,1,29,41,46,625,1221,3,709,0,0,0
49,23,52,253,4,75,124,31,147,1,213,400,14,36,1222,68,2,41,13,60,7,8,269,0
15,1223,0,0,0,0,0,0,0,0,0,0,0,0,0,0,0,0,0,0,0,0,0,0
2,513,22,681,6,1224,30,2,41,13,1225,387,4,147,98,12,1,1226,25,710,0,0,0,0
105,121,7,48,75,205,3,5,15,270,8,711,0,0,0,0,0,0,0,0,0,0,0,0
1227,10,9,8,45,78,353,0,0,0,0,0,0,0,0,0,0,0,0,0,0,0,0,1
2,41,60,712,1,204,1228,374,582,63,115,28,676,14,10,713,514,241,714,0,0,0,0,1
2,1229,1,234,3,201,7,36,8,46,1,66,272,0,0,0,0,0,0,0,0,0,0,1
61,13,154,0,0,0,0,0,0,0,0,0,0,0,0,0,0,0,0,0,0,0,0,0
15,114,14,7,24,0,0,0,0,0,0,0,0,0,0,0,0,0,0,0,0,0,0,1
1,170,515,5,226,1230,1231,1232,35,138,3,1,136,25,5,54,11,6,136,9,0,0,0,1
490,62,327,124,2,87,216,96,7,27,0,0,0,0,0,0,0,0,0,0,0,0,0,0
73,369,2,201,7,24,18,189,4,5,328,8,253,4,516,294,249,0,0,0,0,0,0,1
1233,3,4,28,0,0,0,0,0,0,0,0,0,0,0,0,0,0,0,0,0,0,0,1
10,1234,2,104,70,16,106,6,194,517,30,353,5,16,0,0,0,0,0,0,0,0,0,1
2,217,8,1236,3,518,123,344,552,3,1237,1238,3,703,20,4,68,26,715,350,19,1,1239,0
51,74,26,144,14,1,9,716,1,1240,1241,19,115,2,329,282,4,18,3,100,123,147,0,0
13,21,71,519,6,1242,65,717,0,0,0,0,0,0,0,0,0,0,0,0,0,0,0,0
1243,1244,3,25,24,0,0,0,0,0,0,0,0,0,0,0,0,0,0,0,0,0,0,1
72,1245,356,0,0,0,0,0,0,0,0,0,0,0,0,0,0,0,0,0,0,0,0,1
15,35,121,3,160,10,1246,1247,259,0,0,0,0,0,0,0,0,0,0,0,0,0,0,1
210,9,0,0,0,0,0,0,0,0,0,0,0,0,0,0,0,0,0,0,0,0,0,0
1248,29,212,0,0,0,0,0,0,0,0,0,0,0,0,0,0,0,0,0,0,0,0,0
222,41,60,80,8,396,0,0,0,0,0,0,0,0,0,0,0,0,0,0,0,0,0,1
684,70,1,232,8,42,14,10,520,0,0,0,0,0,0,0,0,0,0,0,0,0,0,0
165,0,0,0,0,0,0,0,0,0,0,0,0,0,0,0,0,0,0,0,0,0,0,0
112,206,326,0,0,0,0,0,0,0,0,0,0,0,0,0,0,0,0,0,0,0,0,0
1,29,28,16,0,0,0,0,0,0,0,0,0,0,0,0,0,0,0,0,0,0,0,1
53,1249,1250,18,7,36,0,0,0,0,0,0,0,0,0,0,0,0,0,0,0,0,0,0
15,165,19,1251,0,0,0,0,0,0,0,0,0,0,0,0,0,0,0,0,0,0,0,0
2,253,7,1252,3,33,116,495,46,718,7,9,3,438,1253,1254,0,0,0,0,0,0,0,0
167,16,3,5,295,0,0,0,0,0,0,0,0,0,0,0,0,0,0,0,0,0,0,1
2,22,26,1255,69,11,63,65,196,179,104,3,2,82,166,114,14,4,0,0,0,0,0,1
1,1256,1257,5,270,3,719,0,0,0,0,0,0,0,0,0,0,0,0,0,0,0,0,0
310,2,351,316,20,370,19,10,39,0,0,0,0,0,0,0,0,0,0,0,0,0,0,0
16,232,11,1258,0,0,0,0,0,0,0,0,0,0,0,0,0,0,0,0,0,0,0,1
1,1259,17,18,56,0,0,0,0,0,0,0,0,0,0,0,0,0,0,0,0,0,0,1
15,99,8,38,0,0,0,0,0,0,0,0,0,0,0,0,0,0,0,0,0,0,0,1
503,19,1,39,52,38,14,390,1260,1261,0,0,0,0,0,0,0,0,0,0,0,0,0,0
1,146,720,1262,67,12,1,213,8,6,1263,1264,0,0,0,0,0,0,0,0,0,0,0,0
4,362,6,120,11,6,132,56,5,487,102,521,132,519,1265,3,1,25,12,32,5,621,0,1
309,45,8,312,4,0,0,0,0,0,0,0,0,0,0,0,0,0,0,0,0,0,0,0
1,356,5,62,721,19,1266,3,5,283,138,2,52,289,77,144,0,0,0,0,0,0,0,1
1267,1268,188,34,270,8,722,97,421,197,1269,1270,34,245,0,0,0,0,0,0,0,0,0,0
58,277,1271,80,723,42,16,0,0,0,0,0,0,0,0,0,0,0,0,0,0,0,0,1
23,724,1272,4,0,0,0,0,0,0,0,0,0,0,0,0,0,0,0,0,0,0,0,1
2,79,7,9,0,0,0,0,0,0,0,0,0,0,0,0,0,0,0,0,0,0,0,1
6,310,0,0,0,0,0,0,0,0,0,0,0,0,0,0,0,0,0,0,0,0,0,0
109,13,725,726,0,0,0,0,0,0,0,0,0,0,0,0,0,0,0,0,0,0,0,0
1,727,8,357,300,23,34,728,6,168,5,6,401,311,313,3,7,9,5,1273,19,20,1274,0
100,2,729,11,1,143,9,97,20,26,1,143,133,0,0,0,0,0,0,0,0,0,0,0
7,522,19,1,9,208,382,1275,64,1276,146,65,1277,0,0,0,0,0,0,0,0,0,0,0
7,567,460,0,0,0,0,0,0,0,0,0,0,0,0,0,0,0,0,0,0,0,0,1
4,5,449,498,55,11,38,31,6,205,1278,1279,136,730,3,1280,19,404,1281,0,0,0,0,1
2,41,290,60,1,204,1282,11,404,422,34,239,11,494,326,3,6,16,59,0,0,0,0,1
2,26,198,63,179,392,3,62,1283,197,69,0,0,0,0,0,0,0,0,0,0,0,0,1
166,141,12,212,0,0,0,0,0,0,0,0,0,0,0,0,0,0,0,0,0,0,0,0
155,17,1,523,515,0,0,0,0,0,0,0,0,0,0,0,0,0,0,0,0,0,0,0
28,31,731,0,0,0,0,0,0,0,0,0,0,0,0,0,0,0,0,0,0,0,0,1
689,44,85,51,26,7,90,11,1284,178,104,0,0,0,0,0,0,0,0,0,0,0,0,0
124,125,0,0,0,0,0,0,0,0,0,0,0,0,0,0,0,0,0,0,0,0,0,0
35,732,399,0,0,0,0,0,0,0,0,0,0,0,0,0,0,0,0,0,0,0,0,1
1,1285,524,1286,5,1287,115,5,15,311,11,6,1288,1289,0,0,0,0,0,0,0,0,0,1
7,29,5,92,54,363,0,0,0,0,0,0,0,0,0,0,0,0,0,0,0,0,0,1
733,268,0,0,0,0,0,0,0,0,0,0,0,0,0,0,0,0,0,0,0,0,0,0
2,41,22,525,53,526,49,2,17,376,0,0,0,0,0,0,0,0,0,0,0,0,0,0
2,182,580,3,4,160,135,14,130,0,0,0,0,0,0,0,0,0,0,0,0,0,0,1
1,32,25,11,1,140,5,734,416,23,34,19,6,62,583,472,23,466,148,327,0,0,0,0
2,41,13,60,7,90,8,269,0,0,0,0,0,0,0,0,0,0,0,0,0,0,0,0
1,527,20,287,110,13,454,1,1290,19,1,1291,0,0,0,0,0,0,0,0,0,0,0,0
16,53,144,64,37,0,0,0,0,0,0,0,0,0,0,0,0,0,0,0,0,0,0,1
31,92,1292,735,1293,155,19,7,83,3,327,1294,0,0,0,0,0,0,0,0,0,0,0,0
7,1295,9,302,5,679,3,15,1296,736,0,0,0,0,0,0,0,0,0,0,0,0,0,1
23,195,300,49,23,1297,4,328,138,65,1,145,611,12,393,11,1,1298,23,250,65,13,0,0
1,32,5,150,3,1,163,2,193,8,18,4,34,737,64,1,25,75,0,0,0,0,0,1
2,142,1,1299,48,11,10,78,528,1300,3,4,81,62,35,4,40,1301,10,1302,259,33,131,1
15,21,24,35,121,0,0,0,0,0,0,0,0,0,0,0,0,0,0,0,0,0,0,1
278,9,1303,34,6,341,22,0,0,0,0,0,0,0,0,0,0,0,0,0,0,0,0,1
2,82,15,173,14,1,297,20,153,110,18,1,1304,12,7,9,0,0,0,0,0,0,0,1
10,1305,35,254,1,292,738,180,17,19,21,159,364,3,305,2,82,15,665,8,22,7,1306,1
1,9,5,283,3,1307,0,0,0,0,0,0,0,0,0,0,0,0,0,0,0,0,0,1
2,82,13,173,14,7,3,2,41,13,60,7,90,8,269,0,0,0,0,0,0,0,0,0
10,68,739,5,1,1308,32,146,5,6,194,187,97,71,518,55,8,174,12,174,0,0,0,0
1309,147,8,189,11,321,1,740,2,247,11,6,21,59,0,0,0,0,0,0,0,0,0,1
2,741,55,1310,4,18,1,1311,12,10,1312,65,209,1313,435,0,0,0,0,0,0,0,0,1
2,26,8,241,8,6,405,3,103,6,78,237,9,115,5,159,16,0,0,0,0,0,0,1
28,16,0,0,0,0,0,0,0,0,0,0,0,0,0,0,0,0,0,0,0,0,0,1
62,1314,0,0,0,0,0,0,0,0,0,0,0,0,0,0,0,0,0,0,0,0,0,0
210,26,8,720,196,393,0,0,0,0,0,0,0,0,0,0,0,0,0,0,0,0,0,0
1,524,1315,5,1316,0,0,0,0,0,0,0,0,0,0,0,0,0,0,0,0,0,0,1
53,224,1317,0,0,0,0,0,0,0,0,0,0,0,0,0,0,0,0,0,0,0,0,0
274,29,21,89,0,0,0,0,0,0,0,0,0,0,0,0,0,0,0,0,0,0,0,1
323,55,1,21,42,189,0,0,0,0,0,0,0,0,0,0,0,0,0,0,0,0,0,1
105,1318,8,529,65,330,0,0,0,0,0,0,0,0,0,0,0,0,0,0,0,0,0,0
403,57,99,8,742,1319,130,14,1,1320,743,199,49,23,742,743,1,9,8,44,395,128,744,0
33,2,615,1321,10,85,67,1,1322,11,327,0,0,0,0,0,0,0,0,0,0,0,0,0
16,48,3,59,0,0,0,0,0,0,0,0,0,0,0,0,0,0,0,0,0,0,0,1
36,530,43,96,591,1323,531,1,1324,1325,3,4,17,1326,2,82,13,173,3,2,82,13,1327,0
5,21,6,126,177,392,2,350,10,9,19,1,1328,142,6,168,3,1329,1,746,192,6,1330,1
205,609,604,239,1331,462,14,1332,644,19,345,0,0,0,0,0,0,0,0,0,0,0,0,1
1,747,1333,1,32,1334,161,44,39,3,748,8,1335,1,32,146,3,326,0,0,0,0,0,1
331,12,1,78,1336,22,93,238,81,1337,0,0,0,0,0,0,0,0,0,0,0,0,0,0
2,82,369,2,361,4,0,0,0,0,0,0,0,0,0,0,0,0,0,0,0,0,0,1
51,1338,749,137,98,12,7,694,0,0,0,0,0,0,0,0,0,0,0,0,0,0,0,0
438,10,9,5,733,30,163,332,148,47,71,2,38,7,0,0,0,0,0,0,0,0,0,0
52,89,7,24,0,0,0,0,0,0,0,0,0,0,0,0,0,0,0,0,0,0,0,0
1339,218,12,1,618,61,13,42,14,10,9,0,0,0,0,0,0,0,0,0,0,0,0,0
53,1340,53,1341,53,1342,13,97,6,1343,327,2,169,46,84,507,14,10,78,36,11,1,1344,1
129,232,93,111,49,2,107,510,7,1345,677,2,41,0,0,0,0,0,0,0,0,0,0,0
508,8,149,6,168,18,80,5,92,1346,19,1347,0,0,0,0,0,0,0,0,0,0,0,0
1,48,5,6,674,141,12,324,3,40,53,441,65,373,434,668,0,0,0,0,0,0,0,0
2,406,6,204,1348,3,17,15,114,14,4,30,1,32,25,322,1349,18,7,5,91,0,0,1
2,79,1,136,57,62,166,21,25,0,0,0,0,0,0,0,0,0,0,0,0,0,0,1
639,23,11,457,16,69,0,0,0,0,0,0,0,0,0,0,0,0,0,0,0,0,0,1
109,6,1350,1351,0,0,0,0,0,0,0,0,0,0,0,0,0,0,0,0,0,0,0,1
1,385,5,15,1352,3,1353,2,41,290,89,43,130,147,0,0,0,0,0,0,0,0,0,1
2,510,1354,183,526,2,116,1355,407,64,408,3,1356,130,12,7,1357,0,0,0,0,0,0,0
57,1358,0,0,0,0,0,0,0,0,0,0,0,0,0,0,0,0,0,0,0,0,0,0
16,24,11,1,59,0,0,0,0,0,0,0,0,0,0,0,0,0,0,0,0,0,0,1
2,22,361,80,11,230,384,3,1359,3,37,1360,197,326,3,450,12,38,0,0,0,0,0,1
1361,506,460,3,33,61,7,185,194,9,0,0,0,0,0,0,0,0,0,0,0,0,0,1
331,12,4,28,76,52,89,4,0,0,0,0,0,0,0,0,0,0,0,0,0,0,0,0
1362,187,25,32,3,1,1363,257,1,1364,1365,17,497,449,1366,3,1367,123,0,0,0,0,0,0
750,451,118,44,85,0,0,0,0,0,0,0,0,0,0,0,0,0,0,0,0,0,0,0
37,19,37,73,238,399,14,7,125,0,0,0,0,0,0,0,0,0,0,0,0,0,0,1
49,23,34,239,11,6,21,25,153,27,323,239,7,1368,4,0,0,0,0,0,0,0,0,0
425,1369,1370,8,38,1,143,1371,83,156,0,0,0,0,0,0,0,0,0,0,0,0,0,0
1372,522,0,0,0,0,0,0,0,0,0,0,0,0,0,0,0,0,0,0,0,0,0,0
719,156,0,0,0,0,0,0,0,0,0,0,0,0,0,0,0,0,0,0,0,0,0,0
16,4,17,78,447,72,28,21,53,144,3,4,267,19,260,56,100,2,378,0,0,0,0,1
16,24,0,0,0,0,0,0,0,0,0,0,0,0,0,0,0,0,0,0,0,0,0,1
57,6,141,12,268,0,0,0,0,0,0,0,0,0,0,0,0,0,0,0,0,0,0,0
489,17,172,7,17,10,1373,95,27,3,128,4,17,151,84,102,50,10,191,204,115,2,1374,0
7,1375,37,1,144,0,0,0,0,0,0,0,0,0,0,0,0,0,0,0,0,0,0,1
129,93,0,0,0,0,0,0,0,0,0,0,0,0,0,0,0,0,0,0,0,0,0,0
2,82,15,114,0,0,0,0,0,0,0,0,0,0,0,0,0,0,0,0,0,0,0,1
51,26,53,442,1376,1,234,1377,409,65,1378,77,12,1,1379,0,0,0,0,0,0,0,0,1
2,87,751,93,148,18,4,3,82,1380,585,101,0,0,0,0,0,0,0,0,0,0,0,0
1,29,134,5,175,734,0,0,0,0,0,0,0,0,0,0,0,0,0,0,0,0,0,0
20,236,5,6,752,0,0,0,0,0,0,0,0,0,0,0,0,0,0,0,0,0,0,0
4,61,180,1,474,410,4,41,0,0,0,0,0,0,0,0,0,0,0,0,0,0,0,1
1381,8,7,1382,18,262,168,2,17,753,8,1383,152,7,27,0,0,0,0,0,0,0,0,0
4,28,16,14,6,94,83,322,49,23,332,155,19,119,1384,64,1,143,56,0,0,0,0,1
6,126,1386,331,12,115,81,3,2,741,55,321,8,86,6,328,1387,368,1388,67,37,10,320,0
206,25,258,1389,221,137,0,0,0,0,0,0,0,0,0,0,0,0,0,0,0,0,0,0
50,77,158,533,12,7,515,1,59,5,33,187,20,218,41,162,1,25,5,502,188,57,13,1
91,50,378,0,0,0,0,0,0,0,0,0,0,0,0,0,0,0,0,0,0,0,0,1
4,286,497,1392,1,1393,34,270,8,1394,3,1,199,34,33,1395,20,4,5,270,8,696,130,0
29,5,754,55,35,0,0,0,0,0,0,0,0,0,0,0,0,0,0,0,0,0,0,1
74,270,8,261,18,309,60,1396,7,24,0,0,0,0,0,0,0,0,0,0,0,0,0,0
2,68,111,4,119,177,3,4,516,329,99,8,148,14,0,0,0,0,0,0,0,0,0,0
1,94,83,3,13,97,58,6,285,1,83,17,755,2,217,8,155,4,19,3,4,276,1397,0
534,172,186,69,0,0,0,0,0,0,0,0,0,0,0,0,0,0,0,0,0,0,0,0
1398,8,10,9,192,1399,0,0,0,0,0,0,0,0,0,0,0,0,0,0,0,0,0,1
105,34,33,181,0,0,0,0,0,0,0,0,0,0,0,0,0,0,0,0,0,0,0,1
99,8,38,0,0,0,0,0,0,0,0,0,0,0,0,0,0,0,0,0,0,0,0,1
91,50,78,0,0,0,0,0,0,0,0,0,0,0,0,0,0,0,0,0,0,0,0,1
101,1400,47,8,70,7,212,2,22,53,1401,0,0,0,0,0,0,0,0,0,0,0,0,0
141,12,1402,0,0,0,0,0,0,0,0,0,0,0,0,0,0,0,0,0,0,0,0,0
6,166,21,24,0,0,0,0,0,0,0,0,0,0,0,0,0,0,0,0,0,0,0,1
7,5,6,16,9,0,0,0,0,0,0,0,0,0,0,0,0,0,0,0,0,0,0,1
11,1,59,18,189,4,5,92,54,24,115,2,41,175,60,0,0,0,0,0,0,0,0,1
197,1403,3,1404,1405,372,1406,101,1407,1408,0,0,0,0,0,0,0,0,0,0,0,0,0,1
1,224,1409,5,1,146,3,12,1410,4,756,0,0,0,0,0,0,0,0,0,0,0,0,0
404,164,34,159,76,135,104,0,0,0,0,0,0,0,0,0,0,0,0,0,0,0,0,1
2,82,84,50,114,14,7,24,0,0,0,0,0,0,0,0,0,0,0,0,0,0,0,1
112,448,0,0,0,0,0,0,0,0,0,0,0,0,0,0,0,0,0,0,0,0,0,0
7,5,1411,0,0,0,0,0,0,0,0,0,0,0,0,0,0,0,0,0,0,0,0,0
305,2,41,60,7,9,171,1,78,1412,0,0,0,0,0,0,0,0,0,0,0,0,0,1
534,1413,11,7,69,0,0,0,0,0,0,0,0,0,0,0,0,0,0,0,0,0,0,0
4,5,185,3,4,535,3,207,76,31,185,0,0,0,0,0,0,0,0,0,0,0,0,0
4,160,10,39,35,3,5,102,18,0,0,0,0,0,0,0,0,0,0,0,0,0,0,1
4,108,42,19,1414,65,1415,0,0,0,0,0,0,0,0,0,0,0,0,0,0,0,0,0
1416,7,8,44,319,116,1417,149,23,535,45,757,1418,55,3,758,0,0,0,0,0,0,0,1
207,12,204,1419,1,39,227,3,1420,5,166,1421,8,182,1422,299,6,411,192,1423,19,1,39,1
2,17,737,64,1,759,1424,12,1,119,275,390,127,9,723,3,3,64,6,1425,12,1,59,1
1,129,9,43,271,268,7,1426,271,1427,5,1,129,2,22,93,1428,0,0,0,0,0,0,0
1,83,81,11,96,6,285,3,100,231,1429,277,10,9,0,0,0,0,0,0,0,0,0,0
112,24,0,0,0,0,0,0,0,0,0,0,0,0,0,0,0,0,0,0,0,0,0,0
188,2,536,233,91,349,0,0,0,0,0,0,0,0,0,0,0,0,0,0,0,0,0,0
23,247,119,266,8,760,1,170,7,232,1430,5,1431,315,3,332,1432,14,78,232,1433,0,0,0
81,15,35,761,14,6,412,1434,3,31,6,698,27,18,10,428,152,6,413,95,1435,0,0,1
1436,150,12,7,24,3,241,14,1,1437,528,1438,1439,115,762,19,6,244,1440,0,0,0,0,0
86,13,89,86,13,1441,391,0,0,0,0,0,0,0,0,0,0,0,0,0,0,0,0,0
7,5,6,16,24,281,1442,152,44,1443,0,0,0,0,0,0,0,0,0,0,0,0,0,1
537,2,439,86,13,1444,4,5,380,109,1445,59,1446,0,0,0,0,0,0,0,0,0,0,0
1,158,333,51,202,1447,456,1448,58,6,126,178,30,7,36,354,8,46,19,11,1,132,1449,1
15,1450,353,0,0,0,0,0,0,0,0,0,0,0,0,0,0,0,0,0,0,0,0,0
52,149,1,143,379,20,2,110,3,750,52,89,7,9,0,0,0,0,0,0,0,0,0,0
7,9,513,35,46,1,129,51,93,26,19,77,763,0,0,0,0,0,0,0,0,0,0,0
48,17,84,65,260,92,414,20,2,1451,261,18,30,360,1452,98,4,499,10,39,0,0,0,0
2,60,640,8,269,14,284,763,127,164,575,1453,19,1,384,0,0,0,0,0,0,0,0,1
52,653,241,8,1,405,0,0,0,0,0,0,0,0,0,0,0,0,0,0,0,0,0,0
2,1454,84,1455,1456,521,1,1457,65,256,9,30,2,22,1,555,764,3,57,6,16,306,0,1
2,110,13,22,77,133,14,7,90,3,41,364,4,147,49,536,0,0,0,0,0,0,0,1
23,70,101,23,538,11,2,1458,0,0,0,0,0,0,0,0,0,0,0,0,0,0,0,0
1,232,86,6,16,297,12,7,2,107,74,149,10,406,409,488,10,1459,1460,192,92,234,334,1
732,1461,7,5,6,21,25,94,83,3,490,13,151,765,96,4,0,0,0,0,0,0,0,1
80,34,1462,0,0,0,0,0,0,0,0,0,0,0,0,0,0,0,0,0,0,0,0,1
188,464,227,34,1463,13,21,11,224,56,686,45,88,584,1464,225,1,220,1465,1466,47,55,0,0
1467,6,291,1468,23,87,253,18,1,234,8,1469,320,8,1,9,1,59,12,1,265,17,54,1
318,1470,43,6,21,1471,0,0,0,0,0,0,0,0,0,0,0,0,0,0,0,0,0,0
1472,415,1473,539,1474,32,3,1475,766,11,404,18,1,158,251,12,1,168,0,0,0,0,0,0
15,767,1476,0,0,0,0,0,0,0,0,0,0,0,0,0,0,0,0,0,0,0,0,1
372,105,22,6,172,186,69,33,23,70,101,23,538,11,0,0,0,0,0,0,0,0,0,0
191,473,30,5,13,1477,517,8,330,99,8,760,3,1,32,5,151,91,50,396,2,22,202,1
3,105,768,47,20,603,1,213,17,122,521,769,49,2,169,1479,10,1480,2,17,67,12,1481,0
1482,355,22,233,214,8,1483,6,124,9,11,6,1484,213,65,770,0,0,0,0,0,0,0,0
9,5,283,31,37,237,771,164,34,0,0,0,0,0,0,0,0,0,0,0,0,0,0,1
16,9,0,0,0,0,0,0,0,0,0,0,0,0,0,0,0,0,0,0,0,0,0,1
772,10,412,161,1,48,13,68,17,4,13,1485,30,117,17,6,184,12,414,654,18,1,697,0
73,296,0,0,0,0,0,0,0,0,0,0,0,0,0,0,0,0,0,0,0,0,0,1
29,5,172,0,0,0,0,0,0,0,0,0,0,0,0,0,0,0,0,0,0,0,0,0
2,201,1,24,8,46,99,8,368,55,3,38,0,0,0,0,0,0,0,0,0,0,0,1
1,381,18,7,5,75,568,65,75,1486,4,1487,1488,67,12,10,39,0,0,0,0,0,0,0
1489,268,32,25,5,172,0,0,0,0,0,0,0,0,0,0,0,0,0,0,0,0,0,0
1,83,287,254,1,1490,738,30,4,110,13,42,0,0,0,0,0,0,0,0,0,0,0,0
53,39,1491,536,57,1492,3,1,32,5,16,0,0,0,0,0,0,0,0,0,0,0,0,1
509,58,244,65,1493,393,1,773,12,1,1494,200,3,2,107,13,38,4,77,446,18,1,1495,0
28,135,30,100,1,94,774,8,775,1,1496,563,3,1,412,1497,305,2,122,1498,7,140,294,1
193,96,235,186,69,0,0,0,0,0,0,0,0,0,0,0,0,0,0,0,0,0,0,0
4,656,75,203,3,539,0,0,0,0,0,0,0,0,0,0,0,0,0,0,0,0,0,0
7,61,13,154,1,528,1499,1500,3,4,200,1,88,56,2,202,8,155,4,19,0,0,0,0
73,114,96,7,125,21,25,3,187,59,0,0,0,0,0,0,0,0,0,0,0,0,0,1
2,79,1,207,3,535,12,271,1501,0,0,0,0,0,0,0,0,0,0,0,0,0,0,1
109,35,1502,3,15,476,1,344,5,6,15,72,306,0,0,0,0,0,0,0,0,0,0,1
61,180,4,355,3,84,0,0,0,0,0,0,0,0,0,0,0,0,0,0,0,0,0,1
2,107,13,60,80,84,0,0,0,0,0,0,0,0,0,0,0,0,0,0,0,0,0,0
72,32,0,0,0,0,0,0,0,0,0,0,0,0,0,0,0,0,0,0,0,0,0,1
167,21,19,1,248,30,7,48,17,6,601,310,0,0,0,0,0,0,0,0,0,0,0,0
151,260,50,1,417,2,17,243,8,330,4,14,0,0,0,0,0,0,0,0,0,0,0,1
462,217,15,1503,0,0,0,0,0,0,0,0,0,0,0,0,0,0,0,0,0,0,0,1
109,484,480,3,624,473,8,86,316,14,4,0,0,0,0,0,0,0,0,0,0,0,0,0
6,341,1504,11,269,1505,19,1,129,1506,12,1507,156,0,0,0,0,0,0,0,0,0,0,0
1,88,139,20,1508,17,20,1,1509,17,123,0,0,0,0,0,0,0,0,0,0,0,0,0
4,5,35,121,99,8,776,1,9,3,40,6,590,1510,319,343,0,0,0,0,0,0,0,1
100,2,26,8,1511,540,4,1512,225,4,1513,352,650,0,0,0,0,0,0,0,0,0,0,0
335,1514,409,43,6,777,573,0,0,0,0,0,0,0,0,0,0,0,0,0,0,0,0,0
95,61,13,42,9,1515,55,1516,76,778,55,3,104,4,76,157,137,1517,128,19,10,427,1518,0
1519,415,0,0,0,0,0,0,0,0,0,0,0,0,0,0,0,0,0,0,0,0,0,0
4,28,135,18,10,153,1520,730,3,6,184,91,50,1,1521,67,29,110,0,0,0,0,0,1
1,146,11,1,1522,5,224,21,23,22,1523,176,223,0,0,0,0,0,0,0,0,0,0,1
3,331,12,1,779,5,1524,0,0,0,0,0,0,0,0,0,0,0,0,0,0,0,0,0
136,306,1525,5,415,0,0,0,0,0,0,0,0,0,0,0,0,0,0,0,0,0,0,0
13,1526,11,1527,56,2,52,501,176,181,4,167,49,23,335,664,6,168,5,758,19,57,431,0
2,79,1,409,98,105,34,33,1528,0,0,0,0,0,0,0,0,0,0,0,0,0,0,1
780,1529,1530,0,0,0,0,0,0,0,0,0,0,0,0,0,0,0,0,0,0,0,0,0
99,8,424,14,10,271,127,0,0,0,0,0,0,0,0,0,0,0,0,0,0,0,0,1
1,349,219,1531,20,6,500,1532,107,46,111,0,0,0,0,0,0,0,0,0,0,0,0,0
2,41,553,8,13,125,7,90,4,195,81,15,35,0,0,0,0,0,0,0,0,0,0,0
75,124,23,22,8,538,55,8,6,675,11,1,69,0,0,0,0,0,0,0,0,0,0,0
28,35,0,0,0,0,0,0,0,0,0,0,0,0,0,0,0,0,0,0,0,0,0,1
1,237,1533,1534,413,265,110,13,42,14,10,9,0,0,0,0,0,0,0,0,0,0,0,0
150,781,32,0,0,0,0,0,0,0,0,0,0,0,0,0,0,0,0,0,0,0,0,1
2,22,8,38,1,1535,463,429,30,4,1536,18,166,35,0,0,0,0,0,0,0,0,0,1
1,1537,739,2,22,5,1,29,1538,1539,0,0,0,0,0,0,0,0,0,0,0,0,0,0
1,156,513,46,1540,19,1541,30,2,107,13,1542,321,80,19,10,39,0,0,0,0,0,0,0
86,13,89,49,23,250,8,38,1,527,0,0,0,0,0,0,0,0,0,0,0,0,0,0
1,9,87,74,240,16,293,3,97,782,1543,0,0,0,0,0,0,0,0,0,0,0,0,1
4,108,149,23,207,181,0,0,0,0,0,0,0,0,0,0,0,0,0,0,0,0,0,0
98,230,246,34,1544,659,5,13,1545,64,37,0,0,0,0,0,0,0,0,0,0,0,0,1
102,154,23,247,44,27,8,46,102,11,64,562,92,783,64,6,56,49,13,11,92,1546,411,1
74,1,9,108,748,8,784,316,1547,1548,1549,1550,1551,190,1552,1553,359,0,0,0,0,0,0,0
23,335,1554,1,59,18,80,0,0,0,0,0,0,0,0,0,0,0,0,0,0,0,0,1
400,14,6,295,203,20,23,87,38,8,203,55,44,136,1555,3,97,778,1556,1557,439,0,0,1
377,3,28,35,0,0,0,0,0,0,0,0,0,0,0,0,0,0,0,0,0,0,0,1
33,76,598,0,0,0,0,0,0,0,0,0,0,0,0,0,0,0,0,0,0,0,0,0
2,79,7,265,4,785,47,8,1558,77,1559,413,140,8,10,428,0,0,0,0,0,0,0,1
33,269,1560,23,116,148,307,12,44,746,0,0,0,0,0,0,0,0,0,0,0,0,0,0
7,5,181,98,218,333,34,76,1561,117,1562,1,170,8,70,37,499,55,0,0,0,0,0,1
2,103,7,9,31,6,483,11,10,1563,3,22,1564,4,225,0,0,0,0,0,0,0,0,0
671,8,357,1565,1,275,29,43,1566,20,267,14,10,1567,0,0,0,0,0,0,0,0,0,1
335,405,316,30,9,1568,8,1569,0,0,0,0,0,0,0,0,0,0,0,0,0,0,0,0
375,260,50,1570,242,49,2,357,388,8,38,1,9,10,458,40,1,143,9,14,1,143,133,0
112,25,0,0,0,0,0,0,0,0,0,0,0,0,0,0,0,0,0,0,0,0,0,0
204,39,667,1571,1,66,0,0,0,0,0,0,0,0,0,0,0,0,0,0,0,0,0,1
13,380,4,0,0,0,0,0,0,0,0,0,0,0,0,0,0,0,0,0,0,0,0,0
1,9,1572,231,3,104,2,22,8,70,4,1573,0,0,0,0,0,0,0,0,0,0,0,0
58,309,111,4,11,96,1575,178,33,2,76,361,325,36,98,7,5,1,66,27,51,93,558,1
403,4,116,13,688,10,541,1576,542,1577,4,43,1578,786,1579,1580,1581,29,787,543,788,0,0,0
4,17,6,16,9,0,0,0,0,0,0,0,0,0,0,0,0,0,0,0,0,0,0,1
49,23,485,250,6,205,505,9,207,1582,31,1,414,1583,1584,34,1585,0,0,0,0,0,0,0
21,272,28,135,786,1586,413,94,65,787,543,0,0,0,0,0,0,0,0,0,0,0,0,1
10,9,108,1587,257,10,94,104,3,1,1588,1589,10,9,43,1590,67,12,10,789,0,0,0,1
7,5,485,1,66,95,27,11,32,25,0,0,0,0,0,0,0,0,0,0,0,0,0,1
162,4,171,71,23,452,8,406,7,36,7,281,5,1,191,713,9,11,47,0,0,0,0,0
19,1,1591,12,92,783,2,26,119,163,1592,1593,5,20,1,78,9,18,1594,0,0,0,0,1
2,22,329,111,1595,227,3,1,1596,43,1,506,5,15,279,0,0,0,0,0,0,0,0,1
7,48,40,1597,1,36,211,1598,3,128,4,1599,1600,12,182,4,5,1601,1602,0,0,0,0,1
50,20,1,365,5,72,3,1603,1,154,5,15,1604,1,790,67,11,1,395,5,6,21,1605,1
4,40,180,2,247,3,2,169,606,11,84,0,0,0,0,0,0,0,0,0,0,0,0,1
58,728,3,152,1,24,11,76,63,177,4,200,0,0,0,0,0,0,0,0,0,0,0,0
7,24,5,16,4,157,159,6,184,394,2,87,241,8,1,1606,128,701,18,280,11,770,0,1
331,12,1,244,791,105,1607,14,1,27,41,263,19,10,246,0,0,0,0,0,0,0,0,0
408,278,40,1,66,186,69,1608,0,0,0,0,0,0,0,0,0,0,0,0,0,0,0,1
287,288,3,151,260,517,50,396,208,1609,0,0,0,0,0,0,0,0,0,0,0,0,0,1
222,22,202,63,1610,3,105,230,469,254,63,178,599,0,0,0,0,0,0,0,0,0,0,0
1611,21,434,3,167,1612,75,0,0,0,0,0,0,0,0,0,0,0,0,0,0,0,0,1
1613,329,21,0,0,0,0,0,0,0,0,0,0,0,0,0,0,0,0,0,0,0,0,1
1,1614,5,725,726,3,157,4,99,1615,788,0,0,0,0,0,0,0,0,0,0,0,0,1
1,156,5,15,21,792,0,0,0,0,0,0,0,0,0,0,0,0,0,0,0,0,0,1
2,16,106,37,1,56,0,0,0,0,0,0,0,0,0,0,0,0,0,0,0,0,0,1
2,41,175,60,7,24,0,0,0,0,0,0,0,0,0,0,0,0,0,0,0,0,0,1
169,38,1,213,14,717,13,21,19,1616,0,0,0,0,0,0,0,0,0,0,0,0,0,0
4,1617,13,42,218,12,1,56,14,10,237,1618,0,0,0,0,0,0,0,0,0,0,0,0
103,1619,11,1,83,115,200,1620,58,712,0,0,0,0,0,0,0,0,0,0,0,0,0,0
49,23,45,6,223,645,8,646,37,44,418,100,7,9,5,11,23,0,0,0,0,0,0,0
475,89,3,116,70,147,11,1621,10,793,9,5,0,0,0,0,0,0,0,0,0,0,0,1
263,402,43,7,405,46,616,0,0,0,0,0,0,0,0,0,0,0,0,0,0,0,0,0
7,1622,1623,266,291,9,533,5,303,0,0,0,0,0,0,0,0,0,0,0,0,0,0,1
61,13,154,0,0,0,0,0,0,0,0,0,0,0,0,0,0,0,0,0,0,0,0,0
90,287,288,3,28,16,14,10,1624,1625,271,1626,1627,1628,9,3,492,1629,32,19,39,1630,0,1
4,5,203,40,1631,12,29,1632,3,5,15,1633,8,182,11,1634,550,1635,12,56,0,0,0,1
318,0,0,0,0,0,0,0,0,0,0,0,0,0,0,0,0,0,0,0,0,0,0,0
344,1636,5,99,8,38,0,0,0,0,0,0,0,0,0,0,0,0,0,0,0,0,0,1
185,30,1637,4,28,17,1638,1639,525,1,187,1640,12,7,90,0,0,0,0,0,0,0,0,1
1,136,18,1,9,461,46,111,31,6,1641,71,1642,309,401,46,152,6,1643,100,7,0,0,0
100,6,126,177,360,1,6,1644,12,1645,267,67,12,1,9,128,19,38,0,0,0,0,0,0
57,15,1646,3,245,8,38,228,297,614,157,1,94,1647,33,151,1648,0,0,0,0,0,0,1
1,1649,626,4,10,1650,17,1651,0,0,0,0,0,0,0,0,0,0,0,0,0,0,0,0
1,32,25,5,54,31,35,0,0,0,0,0,0,0,0,0,0,0,0,0,0,0,0,1
109,1,66,27,2,22,111,0,0,0,0,0,0,0,0,0,0,0,0,0,0,0,0,1
41,13,1652,0,0,0,0,0,0,0,0,0,0,0,0,0,0,0,0,0,0,0,0,0
105,22,113,257,11,179,3,1653,1,1654,25,12,1655,1656,170,794,20,2,22,201,8,795,0,1
76,101,2,397,0,0,0,0,0,0,0,0,0,0,0,0,0,0,0,0,0,0,0,1
7,572,707,41,13,42,14,10,153,514,1657,0,0,0,0,0,0,0,0,0,0,0,0,0
1658,42,145,65,1659,11,47,0,0,0,0,0,0,0,0,0,0,0,0,0,0,0,0,0
19,1660,4,286,1661,167,31,49,1,9,5,37,377,185,324,0,0,0,0,0,0,0,0,0
104,20,4,5,67,12,769,1,143,144,1662,796,273,261,44,85,1663,1664,407,116,13,358,4,0
2,62,397,1,386,437,8,46,1,145,36,30,4,40,75,314,655,11,47,1,21,0,0,0
16,24,0,0,0,0,0,0,0,0,0,0,0,0,0,0,0,0,0,0,0,0,0,1
781,3,150,0,0,0,0,0,0,0,0,0,0,0,0,0,0,0,0,0,0,0,0,1
58,1,88,120,352,243,511,58,1665,242,0,0,0,0,0,0,0,0,0,0,0,0,0,0
15,185,324,1666,45,92,315,1667,1668,0,0,0,0,0,0,0,0,0,0,0,0,0,0,0
2,70,346,210,106,19,10,1669,304,14,158,164,2,22,13,26,7,133,0,0,0,0,0,0
1,106,40,113,1670,21,0,0,0,0,0,0,0,0,0,0,0,0,0,0,0,0,0,1
54,32,29,134,3,1671,8,1672,0,0,0,0,0,0,0,0,0,0,0,0,0,0,0,1
16,95,0,0,0,0,0,0,0,0,0,0,0,0,0,0,0,0,0,0,0,0,0,1
2,175,60,7,48,0,0,0,0,0,0,0,0,0,0,0,0,0,0,0,0,0,0,1
721,0,0,0,0,0,0,0,0,0,0,0,0,0,0,0,0,0,0,0,0,0,0,1
7,5,6,16,398,0,0,0,0,0,0,0,0,0,0,0,0,0,0,0,0,0,0,1
58,10,9,142,8,46,96,6,211,315,57,113,1673,756,542,151,501,18,10,307,0,0,0,0
2,82,1674,2,121,7,125,0,0,0,0,0,0,0,0,0,0,0,0,0,0,0,0,0
2,103,80,627,2,107,149,10,95,27,154,91,30,80,740,121,4,1675,8,182,0,0,0,0
412,3,408,278,1676,8,330,4,147,3,753,47,8,89,325,9,192,77,301,12,1677,1678,0,0
4,17,210,0,0,0,0,0,0,0,0,0,0,0,0,0,0,0,0,0,0,0,0,0
2,52,162,4,41,280,4,75,1679,18,44,319,0,0,0,0,0,0,0,0,0,0,0,0
7,785,1,1680,12,1681,1682,11,1,143,795,3,56,58,1,88,0,0,0,0,0,0,0,0
105,42,96,63,298,100,544,0,0,0,0,0,0,0,0,0,0,0,0,0,0,0,0,0
4,5,245,8,38,3,2,45,4,0,0,0,0,0,0,0,0,0,0,0,0,0,0,1
57,6,16,371,11,1683,1684,3,320,1685,512,46,281,8,38,1686,792,63,11,1687,320,1688,522,1
2,335,38,7,48,98,1,672,5,1689,0,0,0,0,0,0,0,0,0,0,0,0,0,0
13,101,2,397,0,0,0,0,0,0,0,0,0,0,0,0,0,0,0,0,0,0,0,0
2,406,63,12,80,333,3,41,364,325,0,0,0,0,0,0,0,0,0,0,0,0,0,1
16,9,0,0,0,0,0,0,0,0,0,0,0,0,0,0,0,0,0,0,0,0,0,1
2,103,7,29,14,6,1690,43,189,3,73,15,114,14,10,125,0,0,0,0,0,0,0,1
1,234,776,17,135,4,1,1691,1692,20,4,81,0,0,0,0,0,0,0,0,0,0,0,0
1693,11,1,1694,0,0,0,0,0,0,0,0,0,0,0,0,0,0,0,0,0,0,0,1
1695,526,537,537,0,0,0,0,0,0,0,0,0,0,0,0,0,0,0,0,0,0,0,1
2,103,7,58,2,103,6,1696,43,226,1697,20,797,415,3,163,18,1,158,251,169,148,47,1
757,229,1,496,0,0,0,0,0,0,0,0,0,0,0,0,0,0,0,0,0,0,0,0
2,202,1698,224,223,30,1699,18,1,1700,228,315,3,2,17,122,768,4,516,16,0,0,0,0
21,28,135,0,0,0,0,0,0,0,0,0,0,0,0,0,0,0,0,0,0,0,0,1
11,1,59,7,17,6,16,398,0,0,0,0,0,0,0,0,0,0,0,0,0,0,0,1
16,59,75,0,0,0,0,0,0,0,0,0,0,0,0,0,0,0,0,0,0,0,0,1
49,117,5,6,767,4,5,231,235,0,0,0,0,0,0,0,0,0,0,0,0,0,0,0
1701,57,1702,18,441,373,3,2,79,4,0,0,0,0,0,0,0,0,0,0,0,0,0,1
61,13,42,0,0,0,0,0,0,0,0,0,0,0,0,0,0,0,0,0,0,0,0,0
64,88,2,486,2,17,1703,6,21,398,64,559,1704,1705,2,504,4,161,10,9,1706,274,0,0
1,106,532,7,27,5,54,0,0,0,0,0,0,0,0,0,0,0,0,0,0,0,0,1
63,1707,55,8,7,385,0,0,0,0,0,0,0,0,0,0,0,0,0,0,0,0,0,1
2,22,6,198,390,9,3,105,42,35,798,21,106,3,308,20,1708,715,799,273,12,1709,0,1
1710,474,2,26,8,312,4,0,0,0,0,0,0,0,0,0,0,0,0,0,0,0,0,0
183,4,28,63,4,5,102,0,0,0,0,0,0,0,0,0,0,0,0,0,0,0,0,1
29,120,134,5,238,132,0,0,0,0,0,0,0,0,0,0,0,0,0,0,0,0,0,1
1,204,747,154,10,246,15,35,0,0,0,0,0,0,0,0,0,0,0,0,0,0,0,1
29,40,53,134,0,0,0,0,0,0,0,0,0,0,0,0,0,0,0,0,0,0,0,0
2,1711,1712,3,117,5,53,313,11,4,115,5,62,318,0,0,0,0,0,0,0,0,0,0
24,5,700,31,731,0,0,0,0,0,0,0,0,0,0,0,0,0,0,0,0,0,0,1
228,6,258,71,158,198,164,724,0,0,0,0,0,0,0,0,0,0,0,0,0,0,0,1
108,86,1,297,0,0,0,0,0,0,0,0,0,0,0,0,0,0,0,0,0,0,0,0
2,41,60,4,0,0,0,0,0,0,0,0,0,0,0,0,0,0,0,0,0,0,0,1
452,18,1713,43,130,147,3,147,0,0,0,0,0,0,0,0,0,0,0,0,0,0,0,1
20,208,410,11,6,9,1,136,5,15,72,314,181,1714,8,595,14,3,782,5,339,31,35,1
2,22,113,15,399,14,7,127,9,43,411,36,0,0,0,0,0,0,0,0,0,0,0,1
105,323,465,91,3,91,7,5,10,777,36,3,51,26,749,1715,75,0,0,0,0,0,0,1
1716,8,38,3,383,0,0,0,0,0,0,0,0,0,0,0,0,0,0,0,0,0,0,0
1,292,56,17,74,15,759,0,0,0,0,0,0,0,0,0,0,0,0,0,0,0,0,1
13,31,21,31,2,26,1717,0,0,0,0,0,0,0,0,0,0,0,0,0,0,0,0,0
21,48,0,0,0,0,0,0,0,0,0,0,0,0,0,0,0,0,0,0,0,0,0,1
108,42,0,0,0,0,0,0,0,0,0,0,0,0,0,0,0,0,0,0,0,0,0,0
62,21,24,0,0,0,0,0,0,0,0,0,0,0,0,0,0,0,0,0,0,0,0,1
403,4,110,13,42,0,0,0,0,0,0,0,0,0,0,0,0,0,0,0,0,0,0,0
37,244,200,254,119,178,12,38,0,0,0,0,0,0,0,0,0,0,0,0,0,0,0,0
451,89,4,0,0,0,0,0,0,0,0,0,0,0,0,0,0,0,0,0,0,0,0,0
10,1718,40,1,1719,3,1,29,5,709,0,0,0,0,0,0,0,0,0,0,0,0,0,0
188,1,39,1720,762,123,336,3,58,68,36,285,2,482,36,0,0,0,0,0,0,0,0,0
137,530,1,9,400,18,3,123,64,116,1,170,370,256,3,1,129,12,37,4,1721,693,1722,0
210,210,794,0,0,0,0,0,0,0,0,0,0,0,0,0,0,0,0,0,0,0,0,0
2,52,45,7,237,382,0,0,0,0,0,0,0,0,0,0,0,0,0,0,0,0,0,0
1723,11,1,796,1724,5,503,3,1,800,3,251,1725,34,13,304,2,289,130,8,46,196,0,0
2,22,103,7,237,127,9,6,126,298,392,3,4,17,6,1726,0,0,0,0,0,0,0,0
4,41,240,75,132,8,1727,176,124,10,186,69,489,40,113,14,189,0,0,0,0,0,0,0
1,68,15,318,139,17,117,17,53,1728,0,0,0,0,0,0,0,0,0,0,0,0,0,0
172,10,94,116,13,784,7,1729,0,0,0,0,0,0,0,0,0,0,0,0,0,0,0,0
24,5,235,225,4,61,13,22,138,277,801,8,120,1,63,1730,2,17,1731,8,38,4,14,0
57,13,101,4,802,4,5,0,0,0,0,0,0,0,0,0,0,0,0,0,0,0,0,0
263,402,43,1,514,0,0,0,0,0,0,0,0,0,0,0,0,0,0,0,0,0,0,0
111,3,1732,0,0,0,0,0,0,0,0,0,0,0,0,0,0,0,0,0,0,0,0,0
15,383,69,43,408,278,0,0,0,0,0,0,0,0,0,0,0,0,0,0,0,0,0,0
13,21,138,11,1,59,0,0,0,0,0,0,0,0,0,0,0,0,0,0,0,0,0,0
2,103,119,12,130,3,685,116,120,0,0,0,0,0,0,0,0,0,0,0,0,0,0,0
4,167,15,72,0,0,0,0,0,0,0,0,0,0,0,0,0,0,0,0,0,0,0,1
7,5,92,54,371,322,71,761,14,44,440,695,803,0,0,0,0,0,0,0,0,0,0,1
2,22,1733,1734,765,337,30,2,1735,26,77,133,14,4,0,0,0,0,0,0,0,0,0,1
80,1736,576,55,1,311,203,1737,531,1,39,543,0,0,0,0,0,0,0,0,0,0,0,0
102,19,10,789,0,0,0,0,0,0,0,0,0,0,0,0,0,0,0,0,0,0,0,1
76,61,13,42,0,0,0,0,0,0,0,0,0,0,0,0,0,0,0,0,0,0,0,0
112,1738,0,0,0,0,0,0,0,0,0,0,0,0,0,0,0,0,0,0,0,0,0,0
4,28,0,0,0,0,0,0,0,0,0,0,0,0,0,0,0,0,0,0,0,0,0,1
49,2,240,6,248,1,29,471,6,771,3,692,1739,1740,47,300,109,1741,0,0,0,0,0,0
172,24,3,118,12,85,0,0,0,0,0,0,0,0,0,0,0,0,0,0,0,0,0,0
191,56,387,43,23,0,0,0,0,0,0,0,0,0,0,0,0,0,0,0,0,0,0,0
4,17,6,118,12,10,85,0,0,0,0,0,0,0,0,0,0,0,0,0,0,0,0,0
33,131,4,40,81,45,6,302,0,0,0,0,0,0,0,0,0,0,0,0,0,0,0,1
2,22,68,26,4,11,6,126,298,30,33,131,33,21,0,0,0,0,0,0,0,0,0,1
66,307,5,23,87,775,80,293,8,44,804,152,1742,65,97,800,293,43,44,804,8,1,9,1
41,60,7,90,0,0,0,0,0,0,0,0,0,0,0,0,0,0,0,0,0,0,0,1
57,113,10,443,27,11,179,16,32,21,146,21,524,1743,0,0,0,0,0,0,0,0,0,1
72,48,286,21,19,44,266,0,0,0,0,0,0,0,0,0,0,0,0,0,0,0,0,1
1,90,255,17,1744,0,0,0,0,0,0,0,0,0,0,0,0,0,0,0,0,0,0,0
76,62,21,33,131,495,1,66,464,27,2,22,93,26,0,0,0,0,0,0,0,0,0,1
28,135,0,0,0,0,0,0,0,0,0,0,0,0,0,0,0,0,0,0,0,0,0,1
2,255,10,27,19,21,56,3,17,114,14,4,0,0,0,0,0,0,0,0,0,0,0,1
2,17,15,296,8,1745,20,2,107,330,10,35,1746,1747,527,11,10,628,505,0,0,0,0,1
10,1748,40,36,74,3,348,592,4,0,0,0,0,0,0,0,0,0,0,0,0,0,0,1
21,25,0,0,0,0,0,0,0,0,0,0,0,0,0,0,0,0,0,0,0,0,0,1
7,5,190,131,1,129,125,51,121,18,189,0,0,0,0,0,0,0,0,0,0,0,0,0
54,1749,669,27,0,0,0,0,0,0,0,0,0,0,0,0,0,0,0,0,0,0,0,1
54,0,0,0,0,0,0,0,0,0,0,0,0,0,0,0,0,0,0,0,0,0,0,1
61,13,42,11,744,8,596,14,1,407,1750,0,0,0,0,0,0,0,0,0,0,0,0,0
4,354,231,670,230,754,18,8,10,319,3,1751,1,541,805,0,0,0,0,0,0,0,0,1
1,1752,273,325,431,185,1753,43,534,0,0,0,0,0,0,0,0,0,0,0,0,0,0,0
321,442,14,146,0,0,0,0,0,0,0,0,0,0,0,0,0,0,0,0,0,0,0,0
1,68,21,139,17,20,4,160,367,18,205,246,0,0,0,0,0,0,0,0,0,0,0,1
708,86,13,89,0,0,0,0,0,0,0,0,0,0,0,0,0,0,0,0,0,0,0,0
2,82,540,7,14,10,541,3,2,107,13,46,507,14,4,33,131,0,0,0,0,0,0,1
71,4,1754,1,29,334,5,755,3,1,140,5,518,123,0,0,0,0,0,0,0,0,0,0
2,219,250,1,343,243,171,1,1755,12,10,39,1756,1757,0,0,0,0,0,0,0,0,0,0
66,27,93,0,0,0,0,0,0,0,0,0,0,0,0,0,0,0,0,0,0,0,0,1
52,1758,197,554,3,52,289,77,279,358,0,0,0,0,0,0,0,0,0,0,0,0,0,0
20,223,369,8,216,20,1,386,437,1759,6,1760,334,8,10,127,3,14,53,420,622,806,38,1
1,533,5,12,187,25,33,31,807,1,649,779,32,15,185,0,0,0,0,0,0,0,0,0
160,367,267,14,244,791,12,468,641,0,0,0,0,0,0,0,0,0,0,0,0,0,0,1
54,24,11,1,59,0,0,0,0,0,0,0,0,0,0,0,0,0,0,0,0,0,0,1
124,106,0,0,0,0,0,0,0,0,0,0,0,0,0,0,0,0,0,0,0,0,0,0
7,24,5,15,294,25,780,268,0,0,0,0,0,0,0,0,0,0,0,0,0,0,0,0
4,17,238,102,19,1,39,0,0,0,0,0,0,0,0,0,0,0,0,0,0,0,0,1
16,9,0,0,0,0,0,0,0,0,0,0,0,0,0,0,0,0,0,0,0,0,0,1
52,89,7,24,4,808,0,0,0,0,0,0,0,0,0,0,0,0,0,0,0,0,0,0
180,96,7,24,5,523,88,0,0,0,0,0,0,0,0,0,0,0,0,0,0,0,0,0
12,1,119,1761,17,33,99,4,751,745,6,317,242,264,2,276,807,137,14,1,206,683,313,1
7,17,1762,1763,64,88,115,673,47,8,809,6,317,12,15,15,311,419,0,0,0,0,0,0
172,9,1764,0,0,0,0,0,0,0,0,0,0,0,0,0,0,0,0,0,0,0,0,0
1,1765,3,199,34,772,259,0,0,0,0,0,0,0,0,0,0,0,0,0,0,0,0,1
2,79,208,376,8,38,36,27,11,230,190,1766,273,3,127,0,0,0,0,0,0,0,0,1
133,5,20,1,39,1767,34,121,12,389,1768,3,544,336,0,0,0,0,0,0,0,0,0,0
13,652,31,21,239,31,1,189,248,157,4,207,0,0,0,0,0,0,0,0,0,0,0,0
30,542,80,126,1769,7,48,5,12,1770,25,3,35,380,1,666,594,12,1771,92,1772,1773,24,1
176,702,5,20,0,0,0,0,0,0,0,0,0,0,0,0,0,0,0,0,0,0,0,0
2,87,148,128,73,682,19,1,94,3,661,52,97,22,8,261,4,18,57,1774,1775,0,0,1
385,699,288,3,151,593,50,1,1776,0,0,0,0,0,0,0,0,0,0,0,0,0,0,1
21,1777,271,0,0,0,0,0,0,0,0,0,0,0,0,0,0,0,0,0,0,0,0,1
33,2,103,96,374,12,80,3,1778,1779,12,85,0,0,0,0,0,0,0,0,0,0,0,1
4,329,1780,67,3,157,6,545,545,545,32,100,802,258,469,0,0,0,0,0,0,0,0,0
169,714,4,67,0,0,0,0,0,0,0,0,0,0,0,0,0,0,0,0,0,0,0,0
9,797,810,13,16,810,30,10,643,9,17,466,1781,1782,348,169,722,6,1783,208,410,18,4,0
33,2,26,8,240,1,29,67,12,1,9,261,4,37,209,798,3,100,1784,4,0,0,0,0
1785,8,1786,1,1787,773,209,19,345,1,1788,104,40,138,1789,20,4,116,544,18,1,793,530,0
1790,1791,5,1792,1793,0,0,0,0,0,0,0,0,0,0,0,0,0,0,0,0,0,0,1
28,11,47,0,0,0,0,0,0,0,0,0,0,0,0,0,0,0,0,0,0,0,0,1
1794,1795,141,12,212,0,0,0,0,0,0,0,0,0,0,0,0,0,0,0,0,0,0,0
151,91,50,1,328,324,333,0,0,0,0,0,0,0,0,0,0,0,0,0,0,0,0,1
4,74,26,6,78,133,0,0,0,0,0,0,0,0,0,0,0,0,0,0,0,0,0,0
114,33,131,0,0,0,0,0,0,0,0,0,0,0,0,0,0,0,0,0,0,0,0,1
181,9,0,0,0,0,0,0,0,0,0,0,0,0,0,0,0,0,0,0,0,0,0,1
28,21,0,0,0,0,0,0,0,0,0,0,0,0,0,0,0,0,0,0,0,0,0,1
153,509,142,1,206,25,12,6,95,27,145,0,0,0,0,0,0,0,0,0,0,0,0,1
4,1796,334,8,1,9,97,71,4,5,254,6,317,799,455,1,119,0,0,0,0,0,0,0
30,4,5,16,2,41,62,60,4,0,0,0,0,0,0,0,0,0,0,0,0,0,0,1
157,4,394,8,323,55,14,10,95,71,73,13,519,4,0,0,0,0,0,0,0,0,0,0
31,2,410,531,166,235,0,0,0,0,0,0,0,0,0,0,0,0,0,0,0,0,0,0
195,142,4,0,0,0,0,0,0,0,0,0,0,0,0,0,0,0,0,0,0,0,0,0
7,424,12,252,5,1,129,20,2,22,93,26,32,680,0,0,0,0,0,0,0,0,0,0
229,1,496,98,12,6,389,1797,0,0,0,0,0,0,0,0,0,0,0,0,0,0,0,0
61,13,120,1,407,704,1798,9,0,0,0,0,0,0,0,0,0,0,0,0,0,0,0,0
23,70,414,242,33,20,23,87,1799,67,1,168,3,13,70,790,123,0,0,0,0,0,0,1
6,211,1,1800,276,8,70,1801,3,1802,3,1803,10,170,217,256,3,2,169,1804,3,345,137,0
2,352,736,1,265,18,1,1805,3,2,26,8,560,1,9,67,8,282,4,18,92,123,0,0
1,27,1806,10,1807,33,2,82,114,14,10,125,0,0,0,0,0,0,0,0,0,0,0,1
617,95,27,5,6,374,0,0,0,0,0,0,0,0,0,0,0,0,0,0,0,0,0,1
2,45,1,1808,20,4,1809,1810,1811,44,39,401,50,805,0,0,0,0,0,0,0,0,0,1
6,184,12,1812,22,113,1813,7,6,15,21,9,3,33,86,2,0,0,0,0,0,0,0,1
2,22,202,80,1814,14,10,520,3,10,687,3,4,28,76,135,0,0,0,0,0,0,0,1
1,338,117,5,6,752,3,1,146,5,238,187,0,0,0,0,0,0,0,0,0,0,0,0
73,718,130,0,0,0,0,0,0,0,0,0,0,0,0,0,0,0,0,0,0,0,0,0
2,61,13,636,6,334,14,1,520,128,4,5,18,10,1815,0,0,0,0,0,0,0,0,0
4,5,99,8,282,18,3,123,71,23,34,19,1,94,3,1,146,1816,34,238,1817,0,0,1
2,22,26,1818,11,96,6,211,3,7,1819,2,103,233,11,1,1820,12,1,384,0,0,0,1
1821,99,8,711,3,38,150,32,0,0,0,0,0,0,0,0,0,0,0,0,0,0,0,1
72,365,0,0,0,0,0,0,0,0,0,0,0,0,0,0,0,0,0,0,0,0,0,1
2,26,8,125,6,284,48,0,0,0,0,0,0,0,0,0,0,0,0,0,0,0,0,0
4,5,6,1822,8,38,0,0,0,0,0,0,0,0,0,0,0,0,0,0,0,0,0,1
15,151,165,14,7,236,0,0,0,0,0,0,0,0,0,0,0,0,0,0,0,0,0,0
15,1823,14,20,0,0,0,0,0,0,0,0,0,0,0,0,0,0,0,0,0,0,0,1
4,219,120,11,47,0,0,0,0,0,0,0,0,0,0,0,0,0,0,0,0,0,0,0
7,5,1,9,8,70,11,1824,2,76,103,10,1825,3,37,2,87,216,5,811,0,0,0,1
199,34,75,205,0,0,0,0,0,0,0,0,0,0,0,0,0,0,0,0,0,0,0,0
76,716,18,1,1826,710,157,23,216,811,0,0,0,0,0,0,0,0,0,0,0,0,0,1
79,4,16,1827,0,0,0,0,0,0,0,0,0,0,0,0,0,0,0,0,0,0,0,1
2,62,45,7,24,171,1,153,98,4,5,1828,1829,18,1,39,141,3,1,338,0,0,0,1
188,1,1830,34,33,539,20,2,581,1831,1,523,199,0,0,0,0,0,0,0,0,0,0,0
2,729,1,492,1832,1833,11,7,3,73,166,114,14,20,453,0,0,0,0,0,0,0,0,1
2,17,15,173,14,1,59,12,1,333,0,0,0,0,0,0,0,0,0,0,0,0,0,1
74,157,4,394,8,280,18,8,0,0,0,0,0,0,0,0,0,0,0,0,0,0,0,1
7,24,19,6,1834,1835,1836,304,117,5,6,184,12,294,1837,1838,43,1,1839,3,4,28,16,1
57,166,99,0,0,0,0,0,0,0,0,0,0,0,0,0,0,0,0,0,0,0,0,1
2,332,149,137,64,1840,1841,0,0,0,0,0,0,0,0,0,0,0,0,0,0,0,0,0
188,10,1842,17,1843,20,233,56,1,9,108,1844,55,45,806,9,61,0,0,0,0,0,0,0
445,1845,421,0,0,0,0,0,0,0,0,0,0,0,0,0,0,0,0,0,0,0,0,1
7,236,120,47,6,1846,1847,3,122,13,525,47,10,529,209,0,0,0,0,0,0,0,0,0
73,508,8,312,4,11,6,529,0,0,0,0,0,0,0,0,0,0,0,0,0,0,0,0
2,504,4,19,68,8,253,67,13,6,1848,139,81,0,0,0,0,0,0,0,0,0,0,0
54,24,0,0,0,0,0,0,0,0,0,0,0,0,0,0,0,0,0,0,0,0,0,1
468,141,705,336,0,0,0,0,0,0,0,0,0,0,0,0,0,0,0,0,0,0,0,0
1849,24,0,0,0,0,0,0,0,0,0,0,0,0,0,0,0,0,0,0,0,0,0,0
7,9,774,15,328,8,86,180,30,808,64,57,15,727,8,46,6,9,0,0,0,0,0,0
4,5,1,66,83,2,22,1850,18,1,493,425,0,0,0,0,0,0,0,0,0,0,0,1
1851,9,0,0,0,0,0,0,0,0,0,0,0,0,0,0,0,0,0,0,0,0,0,1
512,1,83,354,8,42,135,0,0,0,0,0,0,0,0,0,0,0,0,0,0,0,0,1
33,1852,20,1,39,1853,61,13,97,247,8,46,111,3,1,32,5,91,1854,532,44,39,1855,1
13,138,146,0,0,0,0,0,0,0,0,0,0,0,0,0,0,0,0,0,0,0,0,0
766,133,15,1856,0,0,0,0,0,0,0,0,0,0,0,0,0,0,0,0,0,0,0,0
23,107,68,240,63,1857,64,6,56,3,1,25,17,15,112,0,0,0,0,0,0,0,0,0
52,118,44,85,0,0,0,0,0,0,0,0,0,0,0,0,0,0,0,0,0,0,0,0
2,82,243,8,22,8,46,1,88,8,1858,735,7,24,0,0,0,0,0,0,0,0,0,0
1859,61,13,1860,138,277,801,0,0,0,0,0,0,0,0,0,0,0,0,0,0,0,0,0
117,17,33,151,1861,171,7,9,20,2,1862,4,17,1,66,10,379,0,0,0,0,0,0,0
23,74,332,240,293,14,4,19,1,48,98,1,1863,5,1864,0,0,0,0,0,0,0,0,0
9,1865,67,336,0,0,0,0,0,0,0,0,0,0,0,0,0,0,0,0,0,0,0,0
4,219,42,163,87,13,148,47,71,2,193,0,0,0,0,0,0,0,0,0,0,0,0,0
1,1866,1867,313,5,62,1868,8,38,0,0,0,0,0,0,0,0,0,0,0,0,0,0,0
73,62,165,37,2,22,104,5,6,83,20,108,42,0,0,0,0,0,0,0,0,0,0,0
1869,18,1,39,0,0,0,0,0,0,0,0,0,0,0,0,0,0,0,0,0,0,0,0
1870,36,411,3,100,1871,55,0,0,0,0,0,0,0,0,0,0,0,0,0,0,0,0,0
165,0,0,0,0,0,0,0,0,0,0,0,0,0,0,0,0,0,0,0,0,0,0,0
301,12,1872,257,0,0,0,0,0,0,0,0,0,0,0,0,0,0,0,0,0,0,0,0
1,170,61,70,1873,336,98,4,1874,44,39,3,395,0,0,0,0,0,0,0,0,0,0,0
101,6,141,12,212,2,809,84,137,18,7,9,0,0,0,0,0,0,0,0,0,0,0,0
90,61,13,454,248,0,0,0,0,0,0,0,0,0,0,0,0,0,0,0,0,0,0,0
1,68,139,20,1875,47,5,1,1876,764,1877,0,0,0,0,0,0,0,0,0,0,0,0,0
23,87,13,803,137,14,1,213,195,81,481,0,0,0,0,0,0,0,0,0,0,0,0,0
